# Blender v2.93.5 OBJ File: 'barrellsketchfab.blend'
# www.blender.org
mtllib mesh.mtl
o Cylinder
v -0.402137 0.790574 -0.799502
v -0.358147 0.997295 -0.991888
v -0.397194 0.790574 -0.601454
v -0.287671 0.997295 -1.174815
v -0.353709 0.790574 -0.408177
v -0.182861 0.997295 -1.340479
v -0.273352 0.790574 -0.227096
v -0.047746 0.997295 -1.482512
v -0.159213 0.790574 -0.065172
v 0.112482 0.997295 -1.595456
v -0.015677 0.790574 0.071373
v 0.291666 0.997295 -1.674971
v 0.151739 0.790574 0.177292
v 0.482920 0.997295 -1.718000
v 0.336603 0.790574 0.248515
v 0.678893 0.997295 -1.722892
v 0.531809 0.790574 0.282304
v 0.872055 0.997295 -1.689457
v 0.729856 0.790574 0.277361
v 1.054982 0.997295 -1.618980
v 0.923133 0.790574 0.233875
v 1.220646 0.997295 -1.514171
v 1.104214 0.790574 0.153519
v 1.362679 0.997295 -1.379056
v 1.266138 0.790574 0.039380
v 1.475623 0.997295 -1.218827
v 1.402683 0.790574 -0.104156
v 1.555137 0.997295 -1.039643
v 1.508602 0.790574 -0.271573
v 1.598167 0.997295 -0.848390
v 1.579824 0.790574 -0.456436
v 1.603059 0.997295 -0.652417
v 1.613613 0.790574 -0.651642
v 1.569624 0.997295 -0.459255
v 1.608670 0.790574 -0.849690
v 1.499147 0.997295 -0.276327
v 1.565185 0.790574 -1.042967
v 1.394337 0.997295 -0.110664
v 1.484828 0.790574 -1.224047
v 1.259222 0.997295 0.031369
v 1.370689 0.790574 -1.385971
v 1.098994 0.997295 0.144313
v 1.227153 0.790574 -1.522516
v 0.919810 0.997295 0.223828
v 1.059736 0.790574 -1.628435
v 0.728556 0.997295 0.266858
v 0.874873 0.790574 -1.699657
v 0.532583 0.997295 0.271749
v 0.679667 0.790574 -1.733446
v 0.339421 0.997295 0.238314
v 0.481620 0.790574 -1.728503
v 0.156493 0.997295 0.167837
v 0.288342 0.790574 -1.685018
v -0.009170 0.997295 0.063027
v 0.107262 0.790574 -1.604661
v -0.151203 0.997295 -0.072088
v -0.054662 0.790574 -1.490522
v -0.264147 0.997295 -0.232317
v -0.191207 0.790574 -1.346986
v -0.343661 0.997295 -0.411500
v -0.368348 0.790574 -0.994706
v -0.386691 0.997295 -0.602754
v -0.297126 0.790574 -1.179570
v -0.391582 0.997295 -0.798727
v -0.290701 1.012421 -0.973253
v -0.225156 1.012421 -1.143380
v -0.127680 1.012421 -1.297452
v -0.002020 1.012421 -1.429546
v 0.146997 1.012421 -1.534587
v 0.313643 1.012421 -1.608538
v 0.491513 1.012421 -1.648557
v 0.673774 1.012421 -1.653106
v 0.853420 1.012421 -1.622011
v 1.023547 1.012421 -1.556466
v 1.177619 1.012421 -1.458990
v 1.309713 1.012421 -1.333329
v 1.414754 1.012421 -1.184313
v 1.488705 1.012421 -1.017667
v 1.528724 1.012421 -0.839796
v 1.533273 1.012421 -0.657535
v 1.502178 1.012421 -0.477890
v 1.436633 1.012421 -0.307762
v 1.339157 1.012421 -0.153691
v 1.213496 1.012421 -0.021596
v 1.064479 1.012421 0.083445
v 0.897833 1.012421 0.157396
v 0.719962 1.012421 0.197415
v 0.537702 1.012421 0.201964
v 0.358056 1.012421 0.170868
v 0.187928 1.012421 0.105323
v 0.033857 1.012421 0.007847
v -0.098237 1.012421 -0.117814
v -0.203278 1.012421 -0.266831
v -0.277229 1.012421 -0.433477
v -0.317248 1.012421 -0.611348
v -0.321797 1.012421 -0.793608
v -0.225156 0.775447 -1.143380
v -0.290701 0.775447 -0.973253
v -0.127680 0.775447 -1.297452
v -0.002020 0.775447 -1.429546
v 0.146997 0.775447 -1.534587
v 0.313643 0.775447 -1.608538
v 0.491513 0.775447 -1.648557
v 0.673774 0.775447 -1.653106
v 0.853420 0.775447 -1.622011
v 1.023547 0.775447 -1.556466
v 1.177619 0.775447 -1.458990
v 1.309713 0.775447 -1.333329
v 1.414754 0.775447 -1.184313
v 1.488705 0.775447 -1.017667
v 1.528724 0.775447 -0.839796
v 1.533273 0.775447 -0.657535
v 1.502178 0.775447 -0.477890
v 1.436633 0.775447 -0.307762
v 1.339157 0.775447 -0.153691
v 1.213496 0.775447 -0.021596
v 1.064479 0.775447 0.083445
v 0.897833 0.775447 0.157396
v 0.719962 0.775447 0.197415
v 0.537702 0.775447 0.201964
v 0.358056 0.775447 0.170868
v 0.187928 0.775447 0.105323
v 0.033857 0.775447 0.007847
v -0.098237 0.775447 -0.117814
v -0.203278 0.775447 -0.266831
v -0.277229 0.775447 -0.433477
v -0.317248 0.775447 -0.611348
v -0.321797 0.775447 -0.793608
v 1.055291 0.987587 -1.619594
v 1.221068 0.987587 -1.514713
v 1.394879 0.987587 -0.110241
v 1.259671 0.987587 0.031889
v -0.151723 0.987587 -0.071639
v -0.264744 0.987587 -0.231978
v -0.288285 0.987587 -1.175124
v -0.183403 0.987587 -1.340901
v 1.363199 0.987587 -1.379505
v 1.099333 0.987587 0.144911
v -0.344314 0.987587 -0.411285
v -0.048195 0.987587 -1.483032
v 1.476220 0.987587 -1.219166
v 0.920026 0.987587 0.224480
v -0.387373 0.987587 -0.602670
v 0.112143 0.987587 -1.596053
v 1.555790 0.987587 -1.039859
v 0.728641 0.987587 0.267540
v -0.392268 0.987587 -0.798778
v 0.291450 0.987587 -1.675623
v 1.598850 0.987587 -0.848474
v 0.532533 0.987587 0.272435
v -0.358810 0.987587 -0.992071
v 0.482835 0.987587 -1.718683
v 1.603744 0.987587 -0.652366
v 0.339238 0.987587 0.238977
v 0.678943 0.987587 -1.723577
v 1.570286 0.987587 -0.459072
v 0.156185 0.987587 0.168451
v 0.872238 0.987587 -1.690120
v 1.499761 0.987587 -0.276018
v -0.009593 0.987587 0.063569
v 1.059459 0.799311 -1.627883
v 1.402195 0.799311 -0.104536
v -0.158745 0.799311 -0.065577
v -0.296573 0.799311 -1.179292
v 1.226773 0.799311 -1.522029
v 1.265733 0.799311 0.038912
v -0.272814 0.799311 -0.227402
v -0.190719 0.799311 -1.346606
v 1.370221 0.799311 -1.385567
v 1.103909 0.799311 0.152981
v -0.353121 0.799311 -0.408371
v -0.054257 0.799311 -1.490054
v 1.484290 0.799311 -1.223742
v 0.922939 0.799311 0.233288
v -0.396580 0.799311 -0.601530
v 0.107567 0.799311 -1.604123
v 1.564597 0.799311 -1.042773
v 0.729780 0.799311 0.276747
v -0.401520 0.799311 -0.799456
v 0.288537 0.799311 -1.684431
v 1.608056 0.799311 -0.849614
v 0.531854 0.799311 0.281687
v -0.367752 0.799311 -0.994541
v 0.481696 0.799311 -1.727889
v 1.612996 0.799311 -0.651688
v 0.336767 0.799311 0.247919
v 0.679622 0.799311 -1.732830
v 1.579228 0.799311 -0.456601
v 0.152017 0.799311 0.176740
v 0.874708 0.799311 -1.699061
v 1.508049 0.799311 -0.271850
v -0.015297 0.799311 0.070885
v -0.340294 -1.044351 -0.794962
v -0.308488 1.164091 -0.978169
v -0.335654 -1.044351 -0.609074
v -0.241701 1.164087 -1.151700
v -0.294767 -1.044357 -0.427680
v -0.142284 1.164087 -1.308839
v -0.219345 -1.044357 -0.257718
v -0.014176 1.149936 -1.443624
v -0.112255 -1.044353 -0.105713
v 0.137885 1.168198 -1.550659
v 0.022499 -1.044358 0.022409
v 0.307827 1.168194 -1.626120
v 0.179635 -1.044358 0.121825
v 0.489239 1.168194 -1.666935
v 0.353118 -1.044349 0.188768
v 0.675126 1.149932 -1.671637
v 0.536338 -1.044349 0.220483
v 0.858375 1.159804 -1.639945
v 0.722255 -1.044348 0.215848
v 1.031867 1.149940 -1.573011
v 0.903662 -1.044348 0.175034
v 1.189061 1.169674 -1.473674
v 1.073593 -1.044357 0.099522
v 1.323724 1.149925 -1.345427
v 1.225575 -1.044357 -0.007610
v 1.430910 1.149936 -1.193464
v 1.353794 -1.044350 -0.142284
v 1.506287 1.162280 -1.023483
v 1.453210 -1.044350 -0.299422
v 1.547056 1.162284 -0.842066
v 1.520028 -1.044353 -0.472958
v 1.551786 1.139759 -0.656182
v 1.551742 -1.044353 -0.656181
v 1.519987 1.149943 -0.472967
v 1.547102 -1.044353 -0.842070
v 1.453177 1.149940 -0.299443
v 1.506286 -1.044353 -1.023483
v 1.353760 1.149940 -0.142303
v 1.430863 -1.044353 -1.193447
v 1.225597 1.149940 -0.007579
v 1.323763 -1.044360 -1.345465
v 1.073613 1.149940 0.099554
v 1.188999 -1.044340 -1.473586
v 0.903649 1.149952 0.174983
v 1.031867 -1.044353 -1.573011
v 0.722237 1.149940 0.215793
v 0.858370 -1.044347 -1.639929
v 0.536345 1.149950 0.220437
v 0.675129 -1.044354 -1.671611
v 0.353124 1.149940 0.188718
v 0.489239 -1.044351 -1.666966
v 0.179640 1.149935 0.121818
v 0.307827 -1.044353 -1.626119
v 0.022470 1.135594 0.022450
v 0.137863 -1.044353 -1.550696
v -0.112255 1.135594 -0.105713
v -0.014098 -1.044351 -1.443541
v -0.218604 1.146283 -0.257652
v -0.142260 -1.044351 -1.308817
v -0.294600 1.159454 -0.427354
v -0.308551 -1.044353 -0.978185
v -0.336223 1.143956 -0.608468
v -0.241701 -1.044353 -1.151700
v -0.340383 1.135645 -0.794971
v -0.292523 1.175447 -0.973708
v -0.226827 1.175387 -1.144221
v -0.129145 1.175421 -1.298621
v -0.003235 1.161160 -1.430955
v 0.146045 1.179539 -1.536203
v 0.313055 1.179495 -1.610314
v 0.491310 1.179544 -1.650423
v 0.673911 1.161138 -1.654959
v 0.853923 1.171257 -1.623833
v 1.024382 1.161181 -1.558131
v 1.178752 1.181192 -1.460512
v 1.311109 1.161123 -1.334550
v 1.416393 1.161189 -1.185203
v 1.490481 1.173580 -1.018254
v 1.530590 1.173632 -0.839997
v 1.535131 1.151000 -0.657403
v 1.503992 1.161289 -0.477412
v 1.438308 1.161304 -0.306914
v 1.340654 1.161283 -0.152561
v 1.214710 1.161178 -0.020184
v 1.065423 1.161195 0.085053
v 0.898414 1.161336 0.159185
v 0.720235 1.161265 0.199268
v 0.537555 1.161324 0.203838
v 0.357597 1.161288 0.172687
v 0.187088 1.161240 0.106994
v 0.032745 1.146847 0.009344
v -0.099649 1.146842 -0.116599
v -0.204192 1.157551 -0.266025
v -0.278944 1.170825 -0.432680
v -0.319711 1.155225 -0.610668
v -0.323652 1.146871 -0.793750
v -0.219636 -1.077555 -1.140604
v -0.284745 -1.077555 -0.971607
v -0.122807 -1.077555 -1.293652
v 0.002018 -1.077555 -1.424869
v 0.150045 -1.077555 -1.529212
v 0.315583 -1.077555 -1.602672
v 0.492272 -1.077555 -1.642425
v 0.673322 -1.077555 -1.646944
v 0.851766 -1.077555 -1.616026
v 1.020771 -1.077555 -1.550945
v 1.173800 -1.077555 -1.454092
v 1.305036 -1.077555 -1.329291
v 1.409379 -1.077555 -1.181265
v 1.482839 -1.077555 -1.015726
v 1.522592 -1.077555 -0.839037
v 1.527111 -1.077555 -0.657988
v 1.496222 -1.077555 -0.479535
v 1.431112 -1.077555 -0.310538
v 1.334284 -1.077555 -0.157490
v 1.209458 -1.077555 -0.026274
v 1.061431 -1.077555 0.078070
v 0.895895 -1.077551 0.151540
v 0.719206 -1.077551 0.191293
v 0.538152 -1.077551 0.195811
v 0.359700 -1.077551 0.164922
v 0.190709 -1.077559 0.099794
v 0.037662 -1.077559 0.002966
v -0.093560 -1.077555 -0.121852
v -0.197903 -1.077555 -0.269879
v -0.271362 -1.077555 -0.435418
v -0.311115 -1.077555 -0.612107
v -0.315634 -1.077555 -0.793157
v 1.071951 0.041154 -1.652726
v 1.244183 0.055627 -1.544357
v 1.424124 0.041154 -0.087438
v 1.283905 0.041154 0.059960
v -0.179794 0.041154 -0.047405
v -0.297004 0.041154 -0.213686
v -0.321416 0.041154 -1.191784
v -0.212648 0.041154 -1.363705
v 1.391269 0.041154 -1.403739
v 1.117625 0.041154 0.177170
v -0.379522 0.041154 -0.399638
v -0.072429 0.041154 -1.511102
v 1.508479 0.041154 -1.237458
v 0.931673 0.041154 0.259688
v -0.424177 0.041154 -0.598115
v 0.093851 0.041154 -1.628313
v 1.590998 0.041154 -1.051507
v 0.733195 0.041154 0.304344
v -0.429253 0.041154 -0.801491
v 0.279803 0.041154 -1.710831
v 1.635653 0.041154 -0.853029
v 0.529820 0.041154 0.309419
v -0.394555 0.041154 -1.001947
v 0.478280 0.041154 -1.755486
v 1.640729 0.041154 -0.649653
v 0.329362 0.041154 0.274721
v 0.681656 0.041154 -1.760562
v 1.606031 0.041154 -0.449195
v 0.139525 0.041154 0.201583
v 0.882241 0.046063 -1.726325
v 1.532892 0.041154 -0.259358
v -0.032396 0.041154 0.092814
v 1.234567 0.441162 -1.532025
v 1.205720 0.791481 -1.495029
v 1.273726 0.424875 0.048169
v 1.243221 0.773549 0.012835
v -0.283453 0.424875 -0.221369
v -0.242847 0.773549 -0.244394
v -0.200364 0.424875 -1.354126
v -0.163552 0.773549 -1.325423
v 1.379478 0.424875 -1.393559
v 1.344145 0.773549 -1.363055
v 1.109941 0.424875 0.163620
v 1.086916 0.773549 0.123014
v -0.364733 0.424875 -0.404530
v -0.320526 0.773558 -0.419146
v -0.062250 0.424875 -1.499311
v -0.031684 0.773543 -1.463911
v 1.494929 0.424875 -1.229775
v 1.454274 0.773545 -1.206727
v 0.926780 0.424875 0.244899
v 0.912120 0.773549 0.200582
v -0.408718 0.424875 -0.600028
v -0.362374 0.773548 -0.605766
v 0.101535 0.424875 -1.614762
v 0.124531 0.773553 -1.574195
v 1.576209 0.424875 -1.046614
v 1.531891 0.773549 -1.031953
v 0.731282 0.424875 0.288884
v 0.725549 0.773549 0.242558
v -0.413717 0.424875 -0.800351
v -0.367035 0.773540 -0.796929
v 0.284696 0.424875 -1.696042
v 0.299356 0.773549 -1.651724
v 1.620194 0.424875 -0.851116
v 1.573919 0.773553 -0.845383
v 0.530959 0.424875 0.293884
v 0.534374 0.773549 0.247329
v -0.379540 0.424875 -0.997799
v -0.334616 0.773554 -0.985377
v 0.480194 0.424875 -1.740027
v 0.485927 0.773549 -1.693701
v 1.625194 0.424875 -0.650793
v 1.578590 0.773546 -0.654207
v 0.333510 0.424875 0.259707
v 0.345942 0.773549 0.214713
v 0.680516 0.424875 -1.745027
v 0.677104 0.773544 -1.698402
v 1.591017 0.424875 -0.453344
v 1.546069 0.773553 -0.465768
v 0.146523 0.424875 0.187666
v 0.167460 0.773554 0.146015
v 0.878074 0.431494 -1.711244
v 0.865587 0.781722 -1.666049
v 1.518976 0.424875 -0.266356
v 1.477272 0.773549 -0.287327
v -0.022818 0.424875 0.080530
v 0.005886 0.773549 0.043718
v 1.043982 0.773549 -1.597105
v 1.064953 0.424875 -1.638809
v 1.375028 0.773549 -0.125720
v 1.411840 0.424875 -0.097016
v -0.132660 0.773548 -0.088095
v -0.168003 0.424875 -0.057584
v -0.265795 0.773549 -1.163815
v -0.307499 0.424875 -1.184786
v 1.064953 -0.342567 -1.638809
v 1.043982 -0.691242 -1.597105
v 1.411840 -0.342567 -0.097016
v 1.374983 -0.691238 -0.125746
v -0.168003 -0.342567 -0.057584
v -0.132669 -0.691242 -0.088089
v -0.307499 -0.342567 -1.184786
v -0.265795 -0.691242 -1.163815
v 1.205777 -0.680235 -1.495102
v 1.234559 -0.329907 -1.532015
v 1.243251 -0.691246 0.012877
v 1.273726 -0.342568 0.048169
v -0.242904 -0.691247 -0.244366
v -0.283453 -0.342568 -0.221369
v -0.163578 -0.691245 -1.325446
v -0.200364 -0.342568 -1.354126
v 1.344112 -0.691239 -1.363021
v 1.379478 -0.342568 -1.393559
v 1.086944 -0.691246 0.123057
v 1.109941 -0.342568 0.163620
v -0.320473 -0.691247 -0.419165
v -0.364733 -0.342568 -0.404530
v -0.031770 -0.691245 -1.464002
v -0.062250 -0.342568 -1.499311
v 1.454323 -0.691242 -1.206750
v 1.494929 -0.342568 -1.229775
v 0.912103 -0.691236 0.200504
v 0.926780 -0.342568 0.244899
v -0.362352 -0.691239 -0.605761
v -0.408718 -0.342568 -0.600028
v 0.124560 -0.691242 -1.574156
v 0.101535 -0.342568 -1.614762
v 1.531891 -0.691242 -1.031953
v 1.576209 -0.342568 -1.046614
v 0.725525 -0.691236 0.242483
v 0.731282 -0.342568 0.288884
v -0.367124 -0.691239 -0.796937
v -0.413717 -0.342568 -0.800351
v 0.299356 -0.691242 -1.651724
v 0.284696 -0.342568 -1.696042
v 1.573867 -0.691242 -0.845383
v 1.620194 -0.342568 -0.851116
v 0.534386 -0.691237 0.247261
v 0.530959 -0.342568 0.293884
v -0.334546 -0.691242 -0.985367
v -0.379540 -0.342568 -0.997799
v 0.485927 -0.691239 -1.693659
v 0.480194 -0.342568 -1.740027
v 1.578639 -0.691242 -0.654208
v 1.625194 -0.342568 -0.650793
v 0.345950 -0.691237 0.214645
v 0.333510 -0.342568 0.259707
v 0.677103 -0.691239 -1.698430
v 0.680516 -0.342568 -1.745027
v 1.546023 -0.691242 -0.465775
v 1.591017 -0.342568 -0.453344
v 0.167458 -0.691248 0.146018
v 0.146523 -0.342568 0.187666
v 0.865587 -0.689596 -1.666049
v 0.878074 -0.339368 -1.711244
v 1.477227 -0.691238 -0.287355
v 1.518976 -0.342568 -0.266356
v 0.005848 -0.691248 0.043773
v -0.022818 -0.342568 0.080530
v -0.181860 1.165844 -0.943166
v -0.198145 1.193543 -0.947749
v -0.139362 1.193634 -1.100239
v -0.124302 1.165821 -1.092667
v -0.051983 1.193580 -1.238388
v -0.038635 1.165836 -1.228027
v 0.061304 1.180291 -1.356185
v 0.071169 1.165105 -1.344782
v 0.194390 1.197670 -1.451099
v 0.202689 1.165841 -1.436351
v 0.343803 1.197741 -1.517367
v 0.349097 1.165821 -1.501364
v 0.503261 1.197657 -1.553287
v 0.505395 1.165848 -1.536478
v 0.666758 1.179969 -1.556876
v 0.665507 1.165453 -1.541002
v 0.827721 1.189351 -1.528998
v 0.823225 1.175725 -1.512727
v 0.980416 1.179544 -1.470688
v 0.972832 1.165829 -1.455606
v 1.118283 1.199146 -1.382829
v 1.107894 1.185578 -1.369558
v 1.237059 1.179601 -1.270593
v 1.224257 1.165836 -1.259549
v 1.331217 1.179537 -1.136982
v 1.316548 1.165828 -1.128633
v 1.397534 1.191827 -0.987506
v 1.381531 1.178162 -0.982212
v 1.433400 1.191775 -0.828030
v 1.416698 1.178154 -0.825936
v 1.437520 1.169374 -0.664557
v 1.420682 1.155653 -0.665793
v 1.409593 1.179437 -0.503446
v 1.393368 1.165821 -0.507953
v 1.350822 1.179422 -0.350918
v 1.335785 1.165812 -0.358472
v 1.263397 1.179443 -0.212726
v 1.250136 1.165814 -0.223098
v 1.150756 1.179547 -0.094272
v 1.139723 1.165830 -0.107051
v 1.017096 1.179530 -0.000065
v 1.008797 1.165821 -0.014754
v 0.867675 1.179390 0.066191
v 0.862383 1.165807 0.050232
v 0.708125 1.179460 0.102107
v 0.706090 1.165816 0.085387
v 0.544739 1.179403 0.106164
v 0.545960 1.165809 0.089389
v 0.383595 1.179438 0.078279
v 0.388111 1.165813 0.062063
v 0.231070 1.179486 0.019528
v 0.238642 1.165821 0.004469
v 0.092864 1.165187 -0.067897
v 0.103269 1.151482 -0.081185
v -0.025559 1.165190 -0.180557
v -0.012748 1.151481 -0.191612
v -0.119213 1.175625 -0.314701
v -0.104614 1.161927 -0.322987
v -0.186108 1.188847 -0.463903
v -0.170146 1.175248 -0.469180
v -0.222643 1.173633 -0.623152
v -0.205844 1.159938 -0.625232
v -0.225670 1.165597 -0.786501
v -0.209621 1.151208 -0.785428
v -0.146963 -1.093876 -1.104062
v -0.124453 -1.073755 -1.092742
v -0.182054 -1.073755 -0.943234
v -0.206340 -1.093876 -0.949944
v -0.058660 -1.093876 -1.243634
v -0.038791 -1.073755 -1.228141
v 0.055175 -1.093876 -1.363297
v 0.071640 -1.073755 -1.344225
v 0.190168 -1.093876 -1.458453
v 0.202596 -1.073755 -1.436535
v 0.341131 -1.093876 -1.525445
v 0.349044 -1.073755 -1.501523
v 0.502263 -1.093890 -1.561694
v 0.505357 -1.073755 -1.536692
v 0.667371 -1.093876 -1.565819
v 0.665528 -1.073755 -1.540690
v 0.830005 -1.093893 -1.537267
v 0.823267 -1.073755 -1.512877
v 0.984228 -1.093876 -1.478273
v 0.972909 -1.073755 -1.455762
v 1.123542 -1.093894 -1.389639
v 1.107982 -1.073747 -1.369684
v 1.243464 -1.093876 -1.276135
v 1.224392 -1.073755 -1.259670
v 1.338620 -1.093876 -1.141142
v 1.316702 -1.073755 -1.128714
v 1.405611 -1.093876 -0.990179
v 1.381690 -1.073755 -0.982265
v 1.441864 -1.093876 -0.829047
v 1.416859 -1.073755 -0.825952
v 1.445985 -1.093876 -0.663938
v 1.420857 -1.073755 -0.665781
v 1.417816 -1.093876 -0.501198
v 1.393530 -1.073755 -0.507908
v 1.358435 -1.093894 -0.347084
v 1.335935 -1.073747 -0.358397
v 1.270133 -1.093894 -0.207512
v 1.250272 -1.073747 -0.222998
v 1.156304 -1.093858 -0.087842
v 1.139832 -1.073763 -0.106923
v 1.021311 -1.093858 0.007314
v 1.008876 -1.073763 -0.014612
v 0.870343 -1.093904 0.074295
v 0.862434 -1.073743 0.050391
v 0.709213 -1.093904 0.110547
v 0.706119 -1.073743 0.085560
v 0.544105 -1.093900 0.114670
v 0.545946 -1.073744 0.089556
v 0.381366 -1.093900 0.086501
v 0.388073 -1.073744 0.062229
v 0.227244 -1.093853 0.027134
v 0.238571 -1.073766 0.004612
v 0.087673 -1.093853 -0.061168
v 0.103172 -1.073766 -0.081050
v -0.031988 -1.093876 -0.175009
v -0.012952 -1.073755 -0.191449
v -0.127149 -1.093854 -0.310000
v -0.105179 -1.073765 -0.322459
v -0.170201 -1.073765 -0.468876
v -0.194140 -1.093854 -0.460963
v -0.230385 -1.093889 -0.622098
v -0.205430 -1.073749 -0.625182
v -0.234505 -1.093889 -0.787206
v -0.209347 -1.073749 -0.785363
v 0.123479 1.157079 -1.540576
v 0.136042 -1.077555 -1.519342
v 0.123486 -1.044353 -1.540562
v 0.131974 1.168377 -1.526272
v 0.078122 0.041154 -1.617225
v 0.109785 0.773548 -1.563721
v 0.086042 0.424875 -1.603841
v 0.086042 -0.342568 -1.603841
v 0.109774 -0.691242 -1.563734
v 0.190574 1.156793 -1.427290
v 0.181416 1.186266 -1.442494
v 0.177398 -1.093876 -1.449452
v 0.190208 -1.073755 -1.427803
v -0.132595 1.156177 -1.318949
v -0.113406 -1.077555 -1.303536
v -0.132677 -1.044358 -1.319031
v -0.119684 1.167484 -1.308557
v -0.202086 0.034313 -1.374807
v -0.153665 0.766713 -1.335898
v -0.189961 0.418034 -1.365062
v -0.189961 -0.349408 -1.365062
v -0.153573 -0.698077 -1.335811
v -0.030074 1.159299 -1.236511
v -0.043717 1.185405 -1.247609
v -0.050086 -1.093876 -1.252647
v -0.030473 -1.073755 -1.236884
v -0.288556 -1.077555 -0.949592
v -0.312464 -1.044353 -0.955581
v -0.312477 1.148051 -0.955587
v -0.296340 1.159362 -0.951582
v -0.398836 0.041154 -0.977217
v -0.338556 0.773548 -0.962120
v -0.383757 0.424875 -0.973440
v -0.383757 -0.342568 -0.973440
v -0.338570 -0.691242 -0.962121
v -0.184924 1.151824 -0.923662
v -0.201927 1.177285 -0.927816
v -0.209815 -1.093876 -0.929867
v -0.185425 -1.073755 -0.923758
v -0.311516 -1.077560 -0.626629
v -0.335814 -1.044358 -0.624003
v -0.336342 1.135357 -0.623449
v -0.320012 1.146559 -0.625321
v -0.423820 0.041145 -0.614516
v -0.362522 0.768284 -0.621133
v -0.408466 0.422109 -0.616172
v -0.408466 -0.339819 -0.616172
v -0.362532 -0.685995 -0.621134
v -0.206923 1.151222 -0.637989
v -0.223604 1.164805 -0.636232
v -0.231355 -1.093848 -0.635277
v -0.206538 -1.073768 -0.637956
v -0.205465 -1.077549 -0.287059
v -0.227473 -1.044346 -0.275168
v -0.226741 1.160447 -0.275092
v -0.211911 1.171888 -0.283216
v -0.306644 0.041152 -0.232363
v -0.251260 0.782005 -0.262294
v -0.292807 0.429308 -0.239843
v -0.292807 -0.347003 -0.239843
v -0.251227 -0.699697 -0.262311
v -0.110256 1.176266 -0.338780
v -0.125182 1.190073 -0.330768
v -0.133183 -1.093919 -0.326130
v -0.110798 -1.073736 -0.338232
v 0.377295 -1.077563 0.168024
v 0.371279 -1.044363 0.191522
v 0.371260 1.135635 0.191614
v 0.375297 1.146674 0.175704
v 0.349487 0.041165 0.276808
v 0.364681 0.764116 0.217371
v 0.353288 0.419937 0.261937
v 0.353288 -0.337608 0.261937
v 0.364661 -0.681798 0.217507
v 0.403344 1.151349 0.066155
v 0.399244 1.164949 0.082314
v 0.397142 -1.093827 0.090396
v 0.403298 -1.073777 0.066312
v 0.051580 -1.077548 0.011709
v 0.036540 -1.044345 0.031727
v 0.036560 1.150245 0.031687
v 0.046664 1.161720 0.018173
v -0.017580 0.041192 0.103720
v 0.020252 0.782472 0.053379
v -0.008122 0.429570 0.091137
v -0.008122 -0.347187 0.091137
v 0.020294 -0.700083 0.053318
v 0.116381 1.166300 -0.074494
v 0.106188 1.180089 -0.060876
v 0.100984 -1.093921 -0.054025
v 0.116268 -1.073735 -0.074355
v 0.511391 1.157329 -1.667289
v 0.513831 -1.077560 -1.643003
v 0.511394 -1.044359 -1.667287
v 0.513011 1.168540 -1.650942
v 0.502585 0.041189 -1.755265
v 0.508729 0.767911 -1.693988
v 0.504123 0.421935 -1.739917
v 0.504123 -0.339557 -1.739917
v 0.508729 -0.685535 -1.694006
v 0.524354 1.157486 -1.537436
v 0.522736 1.186310 -1.554926
v 0.521859 -1.093846 -1.562874
v 0.524347 -1.073769 -1.538030
v 1.165097 1.149929 -1.488714
v 1.150529 -1.077555 -1.468852
v 1.165119 -1.044360 -1.488762
v 1.155316 1.161166 -1.475287
v 1.217710 0.041154 -1.560509
v 1.180997 0.773549 -1.510421
v 1.208524 0.424875 -1.547977
v 1.208524 -0.342567 -1.547977
v 1.180972 -0.691239 -1.510381
v 1.087591 1.165833 -1.382998
v 1.097514 1.179559 -1.396616
v 1.102561 -1.093876 -1.403407
v 1.087703 -1.073755 -1.383136
v 1.417031 -1.077555 -1.164021
v 1.438672 1.162284 -1.175726
v 1.438720 -1.044353 -1.175743
v 1.424088 1.173630 -1.167874
v 1.517075 0.041154 -1.218088
v 1.462453 0.773553 -1.188565
v 1.503396 0.424875 -1.210696
v 1.503396 -0.342568 -1.210696
v 1.462403 -0.691242 -1.188542
v 1.323331 1.178155 -1.113377
v 1.338128 1.191776 -1.121342
v 1.345598 -1.093876 -1.125417
v 1.323472 -1.073755 -1.113459
v 0.729537 -1.077565 0.189035
v 0.732772 -1.044364 0.213030
v 0.732795 1.133483 0.213137
v 0.730569 1.144510 0.196896
v 0.744581 0.041166 0.300159
v 0.736362 0.762694 0.239444
v 0.742524 0.419194 0.284967
v 0.742524 -0.336861 0.284967
v 0.736403 -0.680374 0.239597
v 0.715460 1.149164 0.084978
v 0.717721 1.162729 0.101468
v 0.718806 -1.093819 0.109743
v 0.715475 -1.073781 0.085137
v 1.075285 -1.077550 0.068246
v 1.087948 1.160261 0.089661
v 1.087990 -1.044347 0.089717
v 1.079392 1.171758 0.075238
v 1.133721 0.041146 0.167039
v 1.101782 0.780355 0.113044
v 1.125729 0.428437 0.153529
v 1.125729 -0.346145 0.153529
v 1.101725 -0.698056 0.112960
v 1.020546 1.176261 -0.024304
v 1.029184 1.189963 -0.009734
v 1.033542 -1.093911 -0.002321
v 1.020629 -1.073739 -0.024157
v 1.343533 -1.077561 -0.172016
v 1.363068 1.139064 -0.157356
v 1.363008 -1.044360 -0.157396
v 1.349884 1.150159 -0.167220
v 1.433630 0.041162 -0.104420
v 1.384401 0.766378 -0.141355
v 1.421313 0.421121 -0.113661
v 1.421313 -0.338797 -0.113661
v 1.384491 -0.684062 -0.141300
v 1.259160 1.154820 -0.235326
v 1.272542 1.168442 -0.225314
v 1.279232 -1.093838 -0.220262
v 1.259290 -1.073772 -0.235223
v 1.500233 -1.077555 -0.502708
v 1.524186 1.139761 -0.496741
v 1.524146 -1.044353 -0.496750
v 1.508015 1.151014 -0.500746
v 1.610537 0.041154 -0.475226
v 1.550212 0.773546 -0.490252
v 1.595455 0.424875 -0.478984
v 1.595455 -0.342568 -0.478984
v 1.550258 -0.691242 -0.490245
v 1.396916 1.155645 -0.528450
v 1.413258 1.169359 -0.524402
v 1.421474 -1.093876 -0.522331
v 1.397079 -1.073755 -0.528409
v 1.523135 -1.077555 -0.817264
v 1.547660 1.150621 -0.819715
v 1.547660 -1.044353 -0.819715
v 1.531127 1.161933 -0.818087
v 1.636263 0.041154 -0.828571
v 1.574441 0.773549 -0.822392
v 1.620795 0.424875 -0.827025
v 1.620795 -0.342568 -0.827025
v 1.574441 -0.691242 -0.822392
v 1.417173 1.166502 -0.806673
v 1.433911 1.180154 -0.808322
v 1.442360 -1.093876 -0.809191
v 1.417340 -1.073755 -0.806690
v 0.152457 -0.741219 0.177655
v 0.340186 -0.947940 0.238528
v -0.015043 -0.741220 0.071869
v 0.533375 -0.947940 0.271809
v -0.158688 -0.741220 -0.064562
v 0.729344 -0.947941 0.266762
v -0.272956 -0.741220 -0.226395
v 0.920563 -0.947941 0.223581
v -0.353456 -0.741220 -0.407411
v 1.099684 -0.947941 0.143923
v -0.397095 -0.741221 -0.600654
v 1.259822 -0.947941 0.030852
v -0.402196 -0.741221 -0.798697
v 1.394825 -0.947942 -0.111288
v -0.368562 -0.741221 -0.993930
v 1.499503 -0.947942 -0.277034
v -0.297487 -0.741222 -1.178850
v 1.569834 -0.947942 -0.460018
v -0.191701 -0.741222 -1.346351
v 1.603116 -0.947943 -0.653206
v -0.055270 -0.741223 -1.489995
v 1.598069 -0.947943 -0.849175
v 0.106564 -0.741223 -1.604263
v 1.554887 -0.947944 -1.040394
v 0.287580 -0.741223 -1.684764
v 1.475230 -0.947944 -1.219515
v 0.480823 -0.741223 -1.728402
v 1.362159 -0.947944 -1.379654
v 0.678866 -0.741223 -1.733503
v 1.220019 -0.947944 -1.514656
v 0.874099 -0.741223 -1.699869
v 1.054272 -0.947944 -1.619334
v 1.059019 -0.741223 -1.628793
v 0.871289 -0.947944 -1.689666
v 1.226520 -0.741223 -1.523007
v 0.678100 -0.947944 -1.722948
v 1.370164 -0.741223 -1.386576
v 0.482131 -0.947944 -1.717900
v 1.484432 -0.741223 -1.224743
v 0.290912 -0.947944 -1.674718
v 1.564932 -0.741223 -1.043727
v 0.111791 -0.947944 -1.595061
v 1.608571 -0.741222 -0.850484
v -0.048348 -0.947944 -1.481990
v 1.613671 -0.741222 -0.652440
v -0.183350 -0.947943 -1.339850
v 1.580037 -0.741221 -0.457208
v -0.288028 -0.947943 -1.174103
v 1.508962 -0.741221 -0.272288
v -0.358359 -0.947942 -0.991120
v 1.403176 -0.741221 -0.104787
v -0.391641 -0.947942 -0.797931
v 1.266744 -0.741220 0.038857
v -0.386594 -0.947942 -0.601962
v 1.104911 -0.741220 0.153125
v -0.343412 -0.947941 -0.410742
v 0.923895 -0.741220 0.233625
v -0.263754 -0.947941 -0.231622
v 0.730652 -0.741220 0.277264
v -0.150683 -0.947941 -0.071483
v 0.337376 -0.741219 0.248730
v -0.008543 -0.947941 0.063519
v 0.532609 -0.741219 0.282364
v 0.157204 -0.947940 0.168197
v 0.358768 -0.963067 0.171067
v 0.538438 -0.963067 0.202020
v 0.720695 -0.963067 0.197326
v 0.898534 -0.963067 0.157166
v 1.065121 -0.963068 0.083083
v 1.214054 -0.963068 -0.022077
v 1.339610 -0.963068 -0.154271
v 1.436963 -0.963068 -0.308419
v 1.502373 -0.963069 -0.478599
v 1.533326 -0.963069 -0.658269
v 1.528633 -0.963070 -0.840526
v 1.488472 -0.963070 -1.018365
v 1.414389 -0.963070 -1.184952
v 1.309230 -0.963070 -1.333885
v 1.177036 -0.963071 -1.459441
v 1.022887 -0.963071 -1.556795
v 0.852707 -0.963071 -1.622205
v 0.673037 -0.963071 -1.653158
v 0.490780 -0.963071 -1.648464
v 0.312941 -0.963070 -1.608304
v 0.146354 -0.963070 -1.534220
v -0.002579 -0.963070 -1.429061
v -0.128135 -0.963070 -1.296867
v -0.225489 -0.963069 -1.142718
v -0.290899 -0.963069 -0.972538
v -0.321851 -0.963068 -0.792868
v -0.317157 -0.963068 -0.610611
v -0.276997 -0.963068 -0.432772
v -0.202913 -0.963068 -0.266185
v -0.097754 -0.963067 -0.117252
v 0.034440 -0.963067 0.008304
v 0.188589 -0.963067 0.105658
v 0.538438 -0.726093 0.202019
v 0.358768 -0.726093 0.171066
v 0.720695 -0.726093 0.197325
v 0.898534 -0.726093 0.157165
v 1.065121 -0.726094 0.083082
v 1.214054 -0.726094 -0.022077
v 1.339610 -0.726094 -0.154271
v 1.436964 -0.726095 -0.308420
v 1.502374 -0.726095 -0.478599
v 1.533326 -0.726095 -0.658270
v 1.528633 -0.726096 -0.840526
v 1.488472 -0.726096 -1.018366
v 1.414389 -0.726096 -1.184952
v 1.309230 -0.726097 -1.333886
v 1.177036 -0.726097 -1.459442
v 1.022887 -0.726097 -1.556795
v 0.852707 -0.726097 -1.622205
v 0.673037 -0.726097 -1.653158
v 0.490780 -0.726097 -1.648464
v 0.312941 -0.726097 -1.608304
v 0.146354 -0.726096 -1.534221
v -0.002579 -0.726096 -1.429061
v -0.128135 -0.726096 -1.296867
v -0.225488 -0.726095 -1.142718
v -0.290899 -0.726095 -0.972539
v -0.321851 -0.726095 -0.792868
v -0.317157 -0.726094 -0.610611
v -0.276997 -0.726094 -0.432772
v -0.202913 -0.726094 -0.266185
v -0.097754 -0.726093 -0.117252
v 0.034441 -0.726093 0.008304
v 0.188589 -0.726093 0.105657
v 1.603801 -0.938235 -0.653156
v 1.598751 -0.938235 -0.849260
v 0.482046 -0.938236 -1.718582
v 0.290695 -0.938236 -1.675371
v -0.344064 -0.938233 -0.410526
v -0.264352 -0.938233 -0.231282
v 0.533325 -0.938233 0.272495
v 0.729429 -0.938233 0.267444
v 1.555539 -0.938236 -1.040611
v 0.111452 -0.938236 -1.595659
v -0.151203 -0.938233 -0.071034
v 0.920779 -0.938233 0.224233
v 1.475828 -0.938236 -1.219854
v -0.048797 -0.938236 -1.482510
v -0.008965 -0.938233 0.064061
v 1.100023 -0.938233 0.144521
v 1.362679 -0.938236 -1.380103
v -0.183892 -0.938235 -1.340272
v 0.156896 -0.938233 0.168811
v 1.260272 -0.938233 0.031372
v 1.220441 -0.938236 -1.515198
v -0.288642 -0.938235 -1.174411
v 0.340004 -0.938233 0.239190
v 1.395367 -0.938234 -0.110866
v 1.054580 -0.938237 -1.619949
v -0.359022 -0.938235 -0.991302
v 1.500117 -0.938234 -0.276726
v 0.871471 -0.938237 -1.690328
v -0.392326 -0.938234 -0.797981
v 1.570497 -0.938235 -0.459835
v 0.678150 -0.938237 -1.723633
v -0.387276 -0.938234 -0.601877
v 1.613054 -0.749959 -0.652485
v 0.480899 -0.749960 -1.727789
v -0.352869 -0.749957 -0.407606
v 0.532654 -0.749956 0.281747
v 1.607957 -0.749959 -0.850407
v 0.287775 -0.749960 -1.684176
v -0.272418 -0.749957 -0.226700
v 0.730576 -0.749956 0.276650
v 1.564345 -0.749959 -1.043532
v 0.106869 -0.749960 -1.603726
v -0.158220 -0.749957 -0.064966
v 0.923700 -0.749957 0.233038
v 1.483894 -0.749960 -1.224437
v -0.054865 -0.749959 -1.489528
v -0.014663 -0.749956 0.071381
v 1.104606 -0.749957 0.152587
v 1.369696 -0.749960 -1.386172
v -0.191213 -0.749959 -1.345971
v 0.152735 -0.749956 0.177102
v 1.266340 -0.749957 0.038389
v 1.226140 -0.749960 -1.522519
v -0.296934 -0.749959 -1.178573
v 0.337540 -0.749956 0.248134
v 1.402688 -0.749958 -0.105167
v 1.058742 -0.749960 -1.628241
v -0.367966 -0.749958 -0.993766
v 1.508409 -0.749958 -0.272565
v 0.873935 -0.749960 -1.699273
v -0.401579 -0.749958 -0.798652
v 1.579441 -0.749958 -0.457372
v 0.678821 -0.749960 -1.732886
v -0.396482 -0.749958 -0.600730
v 0.597787 0.980458 -1.628315
v 0.597747 1.015511 -1.629988
v 1.049598 0.986196 -1.518834
v 1.049558 1.021249 -1.520507
v 1.386064 1.001871 -1.198368
v 1.386024 1.036924 -1.200041
v 1.517027 1.023284 -0.752787
v 1.516987 1.058337 -0.754460
v 1.407397 1.044696 -0.301483
v 1.407357 1.079749 -0.303155
v 1.086549 1.060371 0.034618
v 1.086509 1.095425 0.032945
v 0.640453 1.066109 0.165456
v 0.640414 1.101162 0.163784
v 0.188642 1.060372 0.055975
v 0.188602 1.095425 0.054303
v -0.147824 1.044696 -0.264490
v -0.147863 1.079749 -0.266163
v -0.278787 1.023284 -0.710071
v -0.278827 1.058337 -0.711744
v -0.169157 1.001871 -1.161376
v -0.169197 1.036924 -1.163048
v 0.151691 0.986196 -1.497476
v 0.151651 1.021249 -1.499149
v 0.275829 -1.014237 -1.562241
v 0.275829 -0.979143 -1.562241
v 0.736806 -1.014237 -1.622681
v 0.736806 -0.979143 -1.622681
v 1.166244 -1.014237 -1.444535
v 1.166244 -0.979143 -1.444535
v 1.449075 -1.014237 -1.075536
v 1.449075 -0.979143 -1.075536
v 1.509515 -1.014237 -0.614560
v 1.509515 -0.979143 -0.614560
v 1.331369 -1.014237 -0.185122
v 1.331369 -0.979143 -0.185122
v 0.962371 -1.014237 0.097709
v 0.962371 -0.979143 0.097709
v 0.501394 -1.014237 0.158149
v 0.501394 -0.979143 0.158149
v 0.071956 -1.014237 -0.019997
v 0.071956 -0.979143 -0.019997
v -0.210875 -1.014237 -0.388994
v -0.210875 -0.979143 -0.388994
v -0.271315 -1.014237 -0.849971
v -0.271315 -0.979143 -0.849971
v -0.093169 -1.014237 -1.279409
v -0.093169 -0.979143 -1.279409
vt 0.681127 0.065015
vt 0.681127 0.033018
vt 0.709930 0.033018
vt 0.709930 0.065015
vt 0.825067 0.943135
vt 0.825067 0.931494
vt 0.853961 0.931494
vt 0.853961 0.943135
vt 0.160502 0.943135
vt 0.160502 0.931494
vt 0.189397 0.931494
vt 0.189396 0.943135
vt 0.420550 0.943135
vt 0.420550 0.931494
vt 0.449444 0.931494
vt 0.449444 0.943135
vt 0.709490 0.943135
vt 0.709490 0.931494
vt 0.738384 0.931494
vt 0.738384 0.943135
vt 0.044926 0.943135
vt 0.044926 0.931494
vt 0.073820 0.931494
vt 0.073820 0.943135
vt 0.304973 0.943135
vt 0.304973 0.931494
vt 0.333867 0.931494
vt 0.333867 0.943135
vt 0.565020 0.943135
vt 0.565020 0.931494
vt 0.593914 0.931494
vt 0.593914 0.943135
vt 0.882855 0.931494
vt 0.882855 0.943135
vt 0.218291 0.931494
vt 0.218291 0.943135
vt 0.478338 0.931494
vt 0.478338 0.943135
vt 0.767278 0.931494
vt 0.767278 0.943135
vt 0.102714 0.931494
vt 0.102714 0.943135
vt 0.362761 0.931494
vt 0.362761 0.943135
vt 0.622808 0.943135
vt 0.622808 0.931494
vt 0.651702 0.931494
vt 0.651702 0.943135
vt 0.911749 0.931494
vt 0.911749 0.943135
vt 0.247185 0.931494
vt 0.247185 0.943135
vt 0.507232 0.931494
vt 0.507232 0.943135
vt 0.796172 0.931494
vt 0.796172 0.943135
vt 0.131608 0.931494
vt 0.131608 0.943135
vt 0.391655 0.931494
vt 0.391655 0.943135
vt 0.680596 0.931494
vt 0.680596 0.943135
vt 0.940643 0.931494
vt 0.940643 0.943135
vt 0.276079 0.931494
vt 0.276079 0.943135
vt 0.536126 0.931494
vt 0.536126 0.943135
vt 0.276079 0.968390
vt 0.304973 0.968390
vt 0.304973 0.978543
vt 0.276079 0.978543
vt 0.016032 0.943135
vt 0.016032 0.931494
vt 0.333867 0.944204
vt 0.362761 0.944204
vt 0.016032 0.968390
vt 0.044926 0.968390
vt 0.044926 0.978543
vt 0.016032 0.978543
vt 0.680596 0.968390
vt 0.709490 0.968390
vt 0.709490 0.978543
vt 0.680596 0.978543
vt 0.391655 0.968390
vt 0.420550 0.968390
vt 0.420550 0.978543
vt 0.391655 0.978543
vt 0.131608 0.968390
vt 0.160502 0.968390
vt 0.160502 0.978543
vt 0.131608 0.978543
vt 0.796172 0.968390
vt 0.825067 0.968390
vt 0.825067 0.978543
vt 0.796172 0.978543
vt 0.507232 0.968390
vt 0.536126 0.968390
vt 0.536126 0.978543
vt 0.507232 0.978543
vt 0.247185 0.968390
vt 0.247185 0.978543
vt 0.911749 0.968390
vt 0.940643 0.968390
vt 0.940643 0.978543
vt 0.911749 0.978543
vt 0.651702 0.968390
vt 0.651702 0.978543
vt 0.362761 0.968390
vt 0.362761 0.978543
vt 0.102714 0.968390
vt 0.102714 0.978543
vt 0.767278 0.968390
vt 0.767278 0.978543
vt 0.478338 0.968390
vt 0.478338 0.978543
vt 0.218291 0.968390
vt 0.218291 0.978543
vt 0.882855 0.968390
vt 0.882855 0.978543
vt 0.593914 0.968390
vt 0.622808 0.968390
vt 0.622808 0.978543
vt 0.593914 0.978543
vt 0.333867 0.968390
vt 0.333867 0.978543
vt 0.073820 0.968390
vt 0.073820 0.978543
vt 0.738384 0.968390
vt 0.738384 0.978543
vt 0.449444 0.968390
vt 0.449444 0.978543
vt 0.189397 0.968390
vt 0.189397 0.978543
vt 0.853961 0.968390
vt 0.853961 0.978543
vt 0.565020 0.968390
vt 0.565020 0.978543
vt 0.738733 0.033018
vt 0.738733 0.065015
vt 0.073820 0.944204
vt 0.102714 0.944204
vt 0.767536 0.033018
vt 0.767535 0.065015
vt 0.738384 0.944204
vt 0.767278 0.944204
vt 0.565020 0.944204
vt 0.593914 0.944204
vt 0.796339 0.033018
vt 0.796338 0.065015
vt 0.304973 0.944204
vt 0.825142 0.033018
vt 0.825141 0.065015
vt 0.044926 0.944204
vt 0.853945 0.033018
vt 0.853945 0.065015
vt 0.709490 0.944204
vt 0.536126 0.944204
vt 0.882747 0.033018
vt 0.882747 0.065015
vt 0.276079 0.944204
vt 0.911550 0.033018
vt 0.911550 0.065015
vt 0.016032 0.944204
vt 0.940353 0.033018
vt 0.940353 0.065015
vt 0.680596 0.944204
vt 0.507232 0.944204
vt 0.969156 0.033018
vt 0.969156 0.065016
vt 0.247185 0.944204
vt 0.047461 0.065016
vt 0.047461 0.033019
vt 0.076264 0.033018
vt 0.076264 0.065016
vt 0.911749 0.944204
vt 0.940643 0.944204
vt 0.105067 0.033018
vt 0.105067 0.065016
vt 0.651702 0.944204
vt 0.478338 0.944204
vt 0.133870 0.033018
vt 0.133870 0.065016
vt 0.218291 0.944204
vt 0.162673 0.033018
vt 0.162673 0.065016
vt 0.882855 0.944204
vt 0.191476 0.033018
vt 0.191476 0.065015
vt 0.622808 0.944204
vt 0.449444 0.944204
vt 0.220279 0.033018
vt 0.220279 0.065015
vt 0.364294 0.065015
vt 0.364294 0.033018
vt 0.393097 0.033018
vt 0.393097 0.065015
vt 0.189397 0.944204
vt 0.249082 0.033018
vt 0.249082 0.065015
vt 0.421900 0.033018
vt 0.421900 0.065015
vt 0.853961 0.944204
vt 0.277885 0.033018
vt 0.277885 0.065015
vt 0.450703 0.033018
vt 0.450703 0.065015
vt 0.420550 0.944204
vt 0.306688 0.033018
vt 0.306688 0.065015
vt 0.479506 0.033018
vt 0.479506 0.065015
vt 0.160502 0.944204
vt 0.335491 0.033018
vt 0.335491 0.065015
vt 0.508309 0.033018
vt 0.508309 0.065015
vt 0.825067 0.944204
vt 0.537112 0.033018
vt 0.537112 0.065015
vt 0.391655 0.944204
vt 0.565915 0.033018
vt 0.565915 0.065015
vt 0.131608 0.944204
vt 0.594718 0.033018
vt 0.594718 0.065015
vt 0.796172 0.944204
vt 0.623521 0.033018
vt 0.623521 0.065015
vt 0.652324 0.033018
vt 0.652324 0.065015
vt 0.767278 0.967202
vt 0.796172 0.967202
vt 0.593914 0.967202
vt 0.622808 0.967202
vt 0.102714 0.967202
vt 0.131608 0.967202
vt 0.362761 0.967202
vt 0.391655 0.967202
vt 0.825067 0.967202
vt 0.160502 0.967202
vt 0.420550 0.967202
vt 0.853961 0.967202
vt 0.189397 0.967202
vt 0.449444 0.967202
vt 0.882855 0.967202
vt 0.218291 0.967202
vt 0.478338 0.967202
vt 0.651702 0.967202
vt 0.911749 0.967202
vt 0.247185 0.967202
vt 0.507232 0.967202
vt 0.680596 0.967202
vt 0.940643 0.967202
vt 0.276079 0.967202
vt 0.536126 0.967202
vt 0.709490 0.967202
vt 0.016032 0.967202
vt 0.044926 0.967202
vt 0.304973 0.967202
vt 0.565020 0.967202
vt 0.738384 0.967202
vt 0.073820 0.967202
vt 0.333867 0.967202
vt 0.681127 0.065015
vt 0.681127 0.033018
vt 0.709930 0.033018
vt 0.709930 0.065015
vt 0.825067 0.943135
vt 0.825067 0.931494
vt 0.853961 0.931494
vt 0.853961 0.943135
vt 0.160502 0.943135
vt 0.160502 0.931494
vt 0.189397 0.931494
vt 0.189396 0.943135
vt 0.420550 0.943135
vt 0.420550 0.931494
vt 0.449444 0.931494
vt 0.449444 0.943135
vt 0.709490 0.943135
vt 0.709490 0.931494
vt 0.738384 0.931494
vt 0.738384 0.943135
vt 0.044926 0.943135
vt 0.044926 0.931494
vt 0.073820 0.931494
vt 0.073820 0.943135
vt 0.304973 0.943135
vt 0.304973 0.931494
vt 0.333867 0.931494
vt 0.333867 0.943135
vt 0.565020 0.943135
vt 0.565020 0.931494
vt 0.593914 0.931494
vt 0.593914 0.943135
vt 0.882855 0.931494
vt 0.882855 0.943135
vt 0.218291 0.931494
vt 0.218291 0.943135
vt 0.478338 0.931494
vt 0.478338 0.943135
vt 0.767278 0.931494
vt 0.767278 0.943135
vt 0.102714 0.931494
vt 0.102714 0.943135
vt 0.362761 0.931494
vt 0.362761 0.943135
vt 0.622808 0.943135
vt 0.622808 0.931494
vt 0.651702 0.931494
vt 0.651702 0.943135
vt 0.911749 0.931494
vt 0.911749 0.943135
vt 0.247185 0.931494
vt 0.247185 0.943135
vt 0.507232 0.931494
vt 0.507232 0.943135
vt 0.796172 0.931494
vt 0.796172 0.943135
vt 0.131608 0.931494
vt 0.131608 0.943135
vt 0.391655 0.931494
vt 0.391655 0.943135
vt 0.680596 0.931494
vt 0.680596 0.943135
vt 0.940643 0.931494
vt 0.940643 0.943135
vt 0.276079 0.931494
vt 0.276079 0.943135
vt 0.536126 0.931494
vt 0.536126 0.943135
vt 0.276079 0.968390
vt 0.304973 0.968390
vt 0.304973 0.978543
vt 0.276079 0.978543
vt 0.016032 0.943135
vt 0.016032 0.931494
vt 0.333867 0.944204
vt 0.362761 0.944204
vt 0.016032 0.968390
vt 0.044926 0.968390
vt 0.044926 0.978543
vt 0.016032 0.978543
vt 0.680596 0.968390
vt 0.709490 0.968390
vt 0.709490 0.978543
vt 0.680596 0.978543
vt 0.391655 0.968390
vt 0.420550 0.968390
vt 0.420550 0.978543
vt 0.391655 0.978543
vt 0.131608 0.968390
vt 0.160502 0.968390
vt 0.160502 0.978543
vt 0.131608 0.978543
vt 0.796172 0.968390
vt 0.825067 0.968390
vt 0.825067 0.978543
vt 0.796172 0.978543
vt 0.507232 0.968390
vt 0.536126 0.968390
vt 0.536126 0.978543
vt 0.507232 0.978543
vt 0.247185 0.968390
vt 0.247185 0.978543
vt 0.911749 0.968390
vt 0.940643 0.968390
vt 0.940643 0.978543
vt 0.911749 0.978543
vt 0.651702 0.968390
vt 0.651702 0.978543
vt 0.362761 0.968390
vt 0.362761 0.978543
vt 0.102714 0.968390
vt 0.102714 0.978543
vt 0.767278 0.968390
vt 0.767278 0.978543
vt 0.478338 0.968390
vt 0.478338 0.978543
vt 0.218291 0.968390
vt 0.218291 0.978543
vt 0.882855 0.968390
vt 0.882855 0.978543
vt 0.593914 0.968390
vt 0.622808 0.968390
vt 0.622808 0.978543
vt 0.593914 0.978543
vt 0.333867 0.968390
vt 0.333867 0.978543
vt 0.073820 0.968390
vt 0.073820 0.978543
vt 0.738384 0.968390
vt 0.738384 0.978543
vt 0.449444 0.968390
vt 0.449444 0.978543
vt 0.189397 0.968390
vt 0.189397 0.978543
vt 0.853961 0.968390
vt 0.853961 0.978543
vt 0.565020 0.968390
vt 0.565020 0.978543
vt 0.738733 0.033018
vt 0.738733 0.065015
vt 0.073820 0.944204
vt 0.102714 0.944204
vt 0.767536 0.033018
vt 0.767535 0.065015
vt 0.738384 0.944204
vt 0.767278 0.944204
vt 0.565020 0.944204
vt 0.593914 0.944204
vt 0.796339 0.033018
vt 0.796338 0.065015
vt 0.304973 0.944204
vt 0.825142 0.033018
vt 0.825141 0.065015
vt 0.044926 0.944204
vt 0.853945 0.033018
vt 0.853945 0.065015
vt 0.709490 0.944204
vt 0.536126 0.944204
vt 0.882747 0.033018
vt 0.882747 0.065015
vt 0.276079 0.944204
vt 0.911550 0.033018
vt 0.911550 0.065015
vt 0.016032 0.944204
vt 0.940353 0.033018
vt 0.940353 0.065015
vt 0.680596 0.944204
vt 0.507232 0.944204
vt 0.969156 0.033018
vt 0.969156 0.065016
vt 0.247185 0.944204
vt 0.047461 0.065016
vt 0.047461 0.033019
vt 0.076264 0.033018
vt 0.076264 0.065016
vt 0.911749 0.944204
vt 0.940643 0.944204
vt 0.105067 0.033018
vt 0.105067 0.065016
vt 0.651702 0.944204
vt 0.478338 0.944204
vt 0.133870 0.033018
vt 0.133870 0.065016
vt 0.218291 0.944204
vt 0.162673 0.033018
vt 0.162673 0.065016
vt 0.882855 0.944204
vt 0.191476 0.033018
vt 0.191476 0.065015
vt 0.622808 0.944204
vt 0.449444 0.944204
vt 0.220279 0.033018
vt 0.220279 0.065015
vt 0.364294 0.065015
vt 0.364294 0.033018
vt 0.393097 0.033018
vt 0.393097 0.065015
vt 0.189397 0.944204
vt 0.249082 0.033018
vt 0.249082 0.065015
vt 0.421900 0.033018
vt 0.421900 0.065015
vt 0.853961 0.944204
vt 0.277885 0.033018
vt 0.277885 0.065015
vt 0.450703 0.033018
vt 0.450703 0.065015
vt 0.420550 0.944204
vt 0.306688 0.033018
vt 0.306688 0.065015
vt 0.479506 0.033018
vt 0.479506 0.065015
vt 0.160502 0.944204
vt 0.335491 0.033018
vt 0.335491 0.065015
vt 0.508309 0.033018
vt 0.508309 0.065015
vt 0.825067 0.944204
vt 0.537112 0.033018
vt 0.537112 0.065015
vt 0.391655 0.944204
vt 0.565915 0.033018
vt 0.565915 0.065015
vt 0.131608 0.944204
vt 0.594718 0.033018
vt 0.594718 0.065015
vt 0.796172 0.944204
vt 0.623521 0.033018
vt 0.623521 0.065015
vt 0.652324 0.033018
vt 0.652324 0.065015
vt 0.767278 0.967202
vt 0.796172 0.967202
vt 0.593914 0.967202
vt 0.622808 0.967202
vt 0.102714 0.967202
vt 0.131608 0.967202
vt 0.362761 0.967202
vt 0.391655 0.967202
vt 0.825067 0.967202
vt 0.160502 0.967202
vt 0.420550 0.967202
vt 0.853961 0.967202
vt 0.189397 0.967202
vt 0.449444 0.967202
vt 0.882855 0.967202
vt 0.218291 0.967202
vt 0.478338 0.967202
vt 0.651702 0.967202
vt 0.911749 0.967202
vt 0.247185 0.967202
vt 0.507232 0.967202
vt 0.680596 0.967202
vt 0.940643 0.967202
vt 0.276079 0.967202
vt 0.536126 0.967202
vt 0.709490 0.967202
vt 0.016032 0.967202
vt 0.044926 0.967202
vt 0.304973 0.967202
vt 0.565020 0.967202
vt 0.738384 0.967202
vt 0.073820 0.967202
vt 0.333867 0.967202
vt 0.501061 0.663027
vt 0.501061 0.663027
vt 0.460969 0.591727
vt 0.460969 0.591727
vt 0.390598 0.550025
vt 0.390598 0.550025
vt 0.311821 0.550101
vt 0.311821 0.550101
vt 0.238511 0.589188
vt 0.238511 0.589188
vt 0.195804 0.659558
vt 0.195804 0.659558
vt 0.194874 0.741352
vt 0.194874 0.741352
vt 0.237982 0.812652
vt 0.237982 0.812652
vt 0.312519 0.859141
vt 0.312519 0.859141
vt 0.387130 0.855282
vt 0.387130 0.855282
vt 0.458430 0.815191
vt 0.458430 0.815191
vt 0.500131 0.744820
vt 0.500131 0.744820
vt 0.466161 0.673481
vt 0.466161 0.673481
vt 0.431059 0.611055
vt 0.431059 0.611055
vt 0.369447 0.574543
vt 0.369447 0.574543
vt 0.297833 0.573730
vt 0.297833 0.573730
vt 0.235408 0.608832
vt 0.235408 0.608832
vt 0.198896 0.670444
vt 0.198896 0.670444
vt 0.198083 0.742057
vt 0.198083 0.742057
vt 0.233185 0.804483
vt 0.233185 0.804483
vt 0.294797 0.840995
vt 0.294797 0.840995
vt 0.366410 0.841808
vt 0.366410 0.841808
vt 0.428836 0.806706
vt 0.428836 0.806706
vt 0.465347 0.745094
vt 0.465347 0.745094
vt 0.949501 0.605923
vt 0.936644 0.605632
vt 0.936535 0.582326
vt 0.950469 0.582743
vt 0.594440 0.180288
vt 0.600312 0.180346
vt 0.600509 0.206493
vt 0.594681 0.206605
vt 0.596506 0.412096
vt 0.602151 0.412076
vt 0.601845 0.433991
vt 0.596196 0.433980
vt 0.596425 0.649895
vt 0.601929 0.649986
vt 0.601699 0.652978
vt 0.596177 0.652832
vt 0.599674 0.905300
vt 0.605803 0.904297
vt 0.606109 0.907150
vt 0.600006 0.908194
vt 0.596209 0.310202
vt 0.601874 0.310162
vt 0.601638 0.333058
vt 0.595988 0.333049
vt 0.596830 0.534412
vt 0.602248 0.534373
vt 0.602418 0.558274
vt 0.597114 0.558367
vt 0.595207 0.753084
vt 0.600883 0.753124
vt 0.600933 0.778288
vt 0.595320 0.778311
vt 0.594899 0.209183
vt 0.600700 0.209091
vt 0.600786 0.232272
vt 0.595072 0.232358
vt 0.596388 0.456332
vt 0.602102 0.456336
vt 0.601900 0.459453
vt 0.596203 0.459405
vt 0.601364 0.677765
vt 0.595798 0.677696
vt 0.600709 0.101319
vt 0.606396 0.102539
vt 0.602593 0.128085
vt 0.596797 0.127450
vt 0.601787 0.358350
vt 0.596126 0.358415
vt 0.597372 0.561931
vt 0.602650 0.561914
vt 0.602232 0.581800
vt 0.597019 0.581742
vt 0.595667 0.806351
vt 0.601277 0.806319
vt 0.601071 0.828301
vt 0.595403 0.828319
vt 0.601058 0.803198
vt 0.595468 0.803272
vt 0.601284 0.257670
vt 0.595621 0.257782
vt 0.602020 0.484840
vt 0.596372 0.484892
vt 0.601160 0.702640
vt 0.595564 0.702633
vt 0.600961 0.154056
vt 0.595076 0.153829
vt 0.596301 0.360830
vt 0.601954 0.360789
vt 0.601772 0.383587
vt 0.596139 0.383590
vt 0.602140 0.605012
vt 0.596896 0.604958
vt 0.595743 0.851989
vt 0.601586 0.851846
vt 0.601516 0.853974
vt 0.595655 0.854119
vt 0.595759 0.259276
vt 0.601398 0.259166
vt 0.601469 0.282712
vt 0.595871 0.282755
vt 0.596748 0.507312
vt 0.602328 0.507295
vt 0.602156 0.509928
vt 0.596612 0.509911
vt 0.595689 0.705012
vt 0.601305 0.705037
vt 0.600914 0.727755
vt 0.595282 0.727713
vt 0.595104 0.156249
vt 0.601038 0.156457
vt 0.601929 0.408764
vt 0.596294 0.408836
vt 0.601865 0.628489
vt 0.596516 0.628448
vt 0.602901 0.880218
vt 0.596899 0.880730
vt 0.959316 0.509831
vt 0.956963 0.535568
vt 0.954366 0.534831
vt 0.956532 0.509023
vt 0.601698 0.307773
vt 0.596069 0.307837
vt 0.595324 0.751153
vt 0.601018 0.751180
vt 0.488872 0.833411
vt 0.489303 0.892805
vt 0.462400 0.893110
vt 0.461984 0.833485
vt 0.963363 0.280768
vt 0.963510 0.306075
vt 0.960024 0.304732
vt 0.959962 0.279291
vt 0.949142 0.854098
vt 0.950468 0.880390
vt 0.947449 0.879607
vt 0.948128 0.852960
vt 0.952005 0.606500
vt 0.952067 0.629807
vt 0.949507 0.629267
vt 0.961612 0.382950
vt 0.961425 0.408170
vt 0.958680 0.408629
vt 0.958292 0.382584
vt 0.967349 0.147791
vt 0.971005 0.172442
vt 0.967374 0.171237
vt 0.963866 0.147105
vt 0.952559 0.704610
vt 0.952378 0.727527
vt 0.949653 0.726968
vt 0.949857 0.703913
vt 0.958610 0.506860
vt 0.955995 0.505926
vt 0.965760 0.257670
vt 0.962698 0.254561
vt 0.949417 0.851758
vt 0.948315 0.850464
vt 0.953011 0.583356
vt 0.962139 0.359564
vt 0.959471 0.359092
vt 0.963005 0.117487
vt 0.967955 0.144628
vt 0.964296 0.143808
vt 0.959474 0.116655
vt 0.952729 0.677625
vt 0.952185 0.701990
vt 0.949650 0.701194
vt 0.950118 0.677132
vt 0.958279 0.460196
vt 0.961277 0.485202
vt 0.957855 0.483729
vt 0.957194 0.459089
vt 0.968830 0.228430
vt 0.965183 0.255131
vt 0.962372 0.251789
vt 0.965350 0.226807
vt 0.952241 0.776753
vt 0.950865 0.801073
vt 0.948355 0.800171
vt 0.949604 0.776181
vt 0.951275 0.804619
vt 0.950858 0.826741
vt 0.948073 0.826141
vt 0.948588 0.803817
vt 0.954126 0.563185
vt 0.951576 0.562377
vt 0.963989 0.331942
vt 0.962391 0.357079
vt 0.959302 0.356163
vt 0.960524 0.330498
vt 0.956695 0.092558
vt 0.953302 0.091438
vt 0.951603 0.654029
vt 0.949151 0.653780
vt 0.958597 0.456900
vt 0.957372 0.455676
vt 0.967043 0.203893
vt 0.967316 0.201820
vt 0.951752 0.752705
vt 0.949229 0.752397
vt 0.953748 0.559000
vt 0.951345 0.558067
vt 0.962761 0.308652
vt 0.959384 0.307485
vt 0.945693 0.905831
vt 0.946367 0.911285
vt 0.942576 0.908008
vt 0.942690 0.904182
vt 0.951850 0.651034
vt 0.949291 0.650649
vt 0.961337 0.412532
vt 0.960832 0.434319
vt 0.957369 0.432967
vt 0.958756 0.412367
vt 0.966548 0.200568
vt 0.966977 0.198361
vt 0.952051 0.750721
vt 0.949386 0.750304
vt 0.614160 0.412160
vt 0.613957 0.433964
vt 0.261517 0.407236
vt 0.261096 0.466894
vt 0.229313 0.466572
vt 0.229139 0.406574
vt 0.613458 0.581942
vt 0.613118 0.605066
vt 0.551738 0.414652
vt 0.547482 0.475209
vt 0.515696 0.473201
vt 0.519054 0.412696
vt 0.236202 0.834963
vt 0.239643 0.894630
vt 0.207965 0.895178
vt 0.204146 0.835490
vt 0.613742 0.649936
vt 0.613623 0.652985
vt 0.525425 0.833173
vt 0.525681 0.892479
vt 0.494063 0.892740
vt 0.493661 0.831535
vt 0.613193 0.751032
vt 0.613068 0.752978
vt 0.290357 0.408582
vt 0.289883 0.467006
vt 0.938800 0.410160
vt 0.619226 0.412456
vt 0.619147 0.408509
vt 0.940123 0.406092
vt 0.048700 0.842780
vt 0.052809 0.901582
vt 0.049535 0.901793
vt 0.045244 0.841561
vt 0.238605 0.836088
vt 0.242005 0.894614
vt 0.613188 0.677860
vt 0.557156 0.833185
vt 0.557239 0.892391
vt 0.325234 0.407756
vt 0.324537 0.467492
vt 0.292817 0.467012
vt 0.293328 0.407462
vt 0.618834 0.383532
vt 0.941004 0.382150
vt 0.105808 0.838116
vt 0.112890 0.898209
vt 0.081202 0.899790
vt 0.077775 0.839580
vt 0.299627 0.834368
vt 0.300182 0.893951
vt 0.271411 0.894334
vt 0.270762 0.834625
vt 0.613036 0.702790
vt 0.560437 0.833209
vt 0.560483 0.892408
vt 0.613905 0.851255
vt 0.613923 0.853362
vt 0.355309 0.406319
vt 0.354471 0.467999
vt 0.613195 0.705199
vt 0.612976 0.727790
vt 0.108380 0.837159
vt 0.115420 0.898116
vt 0.334542 0.834107
vt 0.334939 0.893809
vt 0.303146 0.893903
vt 0.302626 0.834318
vt 0.615323 0.878998
vt 0.100739 0.405627
vt 0.102872 0.465950
vt 0.071269 0.465894
vt 0.071272 0.406674
vt 0.939909 0.358082
vt 0.619030 0.361053
vt 0.619054 0.358072
vt 0.941466 0.354651
vt 0.389349 0.408651
vt 0.388156 0.468704
vt 0.356309 0.468010
vt 0.357199 0.408123
vt 0.613188 0.806355
vt 0.613175 0.828152
vt 0.168968 0.837090
vt 0.172397 0.895984
vt 0.144607 0.896916
vt 0.140786 0.837834
vt 0.366451 0.833964
vt 0.366804 0.893685
vt 0.612867 0.778239
vt 0.612958 0.803201
vt 0.618410 0.901752
vt 0.618504 0.904587
vt 0.104528 0.405663
vt 0.106620 0.465979
vt 0.618744 0.333035
vt 0.942053 0.330461
vt 0.930596 0.775976
vt 0.617706 0.778231
vt 0.618422 0.753163
vt 0.930877 0.752366
vt 0.418383 0.407682
vt 0.416905 0.469425
vt 0.617751 0.105433
vt 0.614631 0.129270
vt 0.930603 0.799268
vt 0.618134 0.802867
vt 0.370250 0.833038
vt 0.370543 0.893690
vt 0.613253 0.154660
vt 0.941867 0.308569
vt 0.619114 0.310517
vt 0.618963 0.307545
vt 0.940569 0.305125
vt 0.162116 0.406849
vt 0.161967 0.466093
vt 0.134450 0.466106
vt 0.134577 0.406784
vt 0.929800 0.749871
vt 0.618435 0.750719
vt 0.617878 0.727788
vt 0.931869 0.726838
vt 0.928775 0.877480
vt 0.620282 0.878493
vt 0.619249 0.853354
vt 0.929716 0.853357
vt 0.453944 0.410165
vt 0.451961 0.470491
vt 0.420024 0.469479
vt 0.421554 0.409295
vt 0.613480 0.157025
vt 0.612844 0.180468
vt 0.618397 0.282484
vt 0.942702 0.278409
vt 0.430163 0.833381
vt 0.430491 0.893463
vt 0.398570 0.893503
vt 0.398311 0.833752
vt 0.612833 0.206457
vt 0.197941 0.406948
vt 0.197675 0.466353
vt 0.166017 0.466078
vt 0.166209 0.406825
vt 0.929291 0.704099
vt 0.618321 0.705508
vt 0.618274 0.702509
vt 0.930757 0.700904
vt 0.483427 0.412616
vt 0.481004 0.471505
vt 0.612896 0.209063
vt 0.613093 0.232109
vt 0.942714 0.251207
vt 0.618415 0.259148
vt 0.618420 0.257349
vt 0.945685 0.248553
vt 0.226110 0.405407
vt 0.226342 0.466577
vt 0.176273 0.895851
vt 0.172907 0.836962
vt 0.617995 0.677891
vt 0.930735 0.677256
vt 0.483879 0.471609
vt 0.486413 0.411216
vt 0.521326 0.224103
vt 0.522941 0.288465
vt 0.489202 0.288663
vt 0.487998 0.225312
vt 0.203147 0.654280
vt 0.202868 0.715983
vt 0.171227 0.716951
vt 0.173370 0.653969
vt 0.223088 0.229178
vt 0.224806 0.289798
vt 0.198288 0.289229
vt 0.198179 0.228661
vt 0.461685 0.655217
vt 0.461635 0.715730
vt 0.429828 0.714896
vt 0.429881 0.654076
vt 0.484971 0.224620
vt 0.486163 0.288668
vt 0.455884 0.288765
vt 0.455089 0.226207
vt 0.166527 0.289301
vt 0.166442 0.228793
vt 0.397974 0.715759
vt 0.398060 0.655115
vt 0.423056 0.288920
vt 0.422522 0.226879
vt 0.162291 0.228771
vt 0.162359 0.289301
vt 0.134708 0.289291
vt 0.134661 0.228892
vt 0.369969 0.655473
vt 0.369916 0.715749
vt 0.366079 0.715755
vt 0.366127 0.655032
vt 0.419272 0.227693
vt 0.419793 0.288925
vt 0.390548 0.288973
vt 0.390077 0.227318
vt 0.104531 0.227727
vt 0.104564 0.288172
vt 0.100710 0.288173
vt 0.100692 0.227758
vt 0.334146 0.715826
vt 0.334262 0.654986
vt 0.169329 0.653891
vt 0.167161 0.716957
vt 0.138383 0.717001
vt 0.140672 0.653539
vt 0.358167 0.289091
vt 0.357938 0.227727
vt 0.071262 0.289363
vt 0.071231 0.228978
vt 0.302163 0.715891
vt 0.302319 0.654874
vt 0.105898 0.653420
vt 0.105347 0.716194
vt 0.102651 0.716201
vt 0.103214 0.652939
vt 0.356002 0.228627
vt 0.356234 0.289091
vt 0.326048 0.289107
vt 0.325747 0.227994
vt 0.560312 0.655140
vt 0.560315 0.715679
vt 0.556971 0.715679
vt 0.556982 0.655164
vt 0.299271 0.654837
vt 0.299099 0.715892
vt 0.270026 0.715875
vt 0.270240 0.654717
vt 0.073471 0.716378
vt 0.074306 0.652184
vt 0.294005 0.289190
vt 0.293766 0.228255
vt 0.525247 0.715772
vt 0.525274 0.655257
vt 0.237816 0.655582
vt 0.237641 0.717007
vt 0.235190 0.715919
vt 0.235367 0.654480
vt 0.044006 0.650343
vt 0.042641 0.716508
vt 0.039062 0.716526
vt 0.040442 0.650965
vt 0.290756 0.227694
vt 0.290985 0.289193
vt 0.261968 0.289181
vt 0.261851 0.228452
vt 0.493514 0.713436
vt 0.493566 0.652581
vt 0.555184 0.222394
vt 0.557658 0.288285
vt 0.227872 0.289799
vt 0.226163 0.228605
vt 0.488657 0.655130
vt 0.488634 0.715711
vt 0.488730 0.535269
vt 0.488602 0.598091
vt 0.461739 0.598084
vt 0.461860 0.535150
vt 0.261575 0.109264
vt 0.261424 0.171234
vt 0.225756 0.171407
vt 0.229596 0.108660
vt 0.546068 0.101304
vt 0.550358 0.162720
vt 0.517931 0.164943
vt 0.514753 0.104808
vt 0.239767 0.531050
vt 0.236091 0.596737
vt 0.203937 0.596253
vt 0.207896 0.530370
vt 0.525290 0.535226
vt 0.525288 0.598075
vt 0.493464 0.595182
vt 0.493521 0.531999
vt 0.290273 0.107314
vt 0.290205 0.169845
vt 0.051499 0.525085
vt 0.047532 0.589598
vt 0.044062 0.590854
vt 0.048753 0.528705
vt 0.242123 0.532404
vt 0.238494 0.597884
vt 0.557010 0.535391
vt 0.557042 0.598091
vt 0.324810 0.108602
vt 0.325032 0.170673
vt 0.293175 0.170956
vt 0.293211 0.109026
vt 0.110142 0.531808
vt 0.103990 0.593895
vt 0.076825 0.592566
vt 0.080104 0.526856
vt 0.300302 0.533137
vt 0.299612 0.597326
vt 0.270735 0.597110
vt 0.271512 0.533941
vt 0.560252 0.533301
vt 0.560329 0.598062
vt 0.354250 0.112098
vt 0.355032 0.171979
vt 0.112656 0.533352
vt 0.106581 0.594846
vt 0.335014 0.531620
vt 0.334532 0.597639
vt 0.302614 0.597375
vt 0.303296 0.531319
vt 0.101215 0.108065
vt 0.100698 0.170758
vt 0.071206 0.171877
vt 0.071799 0.107994
vt 0.388170 0.107357
vt 0.388952 0.169638
vt 0.356911 0.170178
vt 0.356067 0.109323
vt 0.171991 0.532217
vt 0.170345 0.595511
vt 0.142018 0.594886
vt 0.143919 0.533494
vt 0.366698 0.531915
vt 0.366397 0.597818
vt 0.104980 0.109978
vt 0.104488 0.170720
vt 0.412831 0.109396
vt 0.417878 0.170437
vt 0.370425 0.533725
vt 0.370181 0.598724
vt 0.162990 0.112031
vt 0.162078 0.171674
vt 0.134540 0.171776
vt 0.135045 0.111633
vt 0.451512 0.105447
vt 0.453244 0.167870
vt 0.421027 0.168819
vt 0.415883 0.106922
vt 0.430114 0.533484
vt 0.429961 0.596760
vt 0.398166 0.597990
vt 0.398357 0.534994
vt 0.198219 0.108653
vt 0.197914 0.171636
vt 0.166175 0.171692
vt 0.167365 0.109511
vt 0.480283 0.104218
vt 0.482545 0.165213
vt 0.226069 0.110201
vt 0.222731 0.172574
vt 0.174309 0.595626
vt 0.175980 0.529621
vt 0.485521 0.166596
vt 0.483245 0.106566
vt 0.521946 0.353014
vt 0.488471 0.352152
vt 0.203274 0.777551
vt 0.171798 0.778939
vt 0.224745 0.349843
vt 0.198163 0.349797
vt 0.461758 0.776259
vt 0.429941 0.775763
vt 0.485438 0.352855
vt 0.455449 0.351438
vt 0.166432 0.349798
vt 0.398096 0.776462
vt 0.422776 0.351046
vt 0.162283 0.349819
vt 0.134664 0.349684
vt 0.369974 0.776081
vt 0.366124 0.776535
vt 0.419515 0.350240
vt 0.390256 0.350689
vt 0.104533 0.348618
vt 0.100693 0.348588
vt 0.334237 0.776696
vt 0.167771 0.779028
vt 0.139188 0.779468
vt 0.358046 0.350511
vt 0.071231 0.349721
vt 0.302310 0.776903
vt 0.106254 0.778844
vt 0.103582 0.779336
vt 0.356105 0.349610
vt 0.325813 0.350267
vt 0.560323 0.776189
vt 0.556994 0.776167
vt 0.299264 0.776940
vt 0.270259 0.777015
vt 0.074820 0.780422
vt 0.293820 0.350157
vt 0.525283 0.776244
vt 0.237944 0.778405
vt 0.235501 0.777307
vt 0.044657 0.782494
vt 0.041104 0.781908
vt 0.290810 0.350723
vt 0.261880 0.349983
vt 0.493561 0.774216
vt 0.555994 0.354397
vt 0.227821 0.350418
vt 0.488708 0.776273
vt 0.942290 0.504302
vt 0.943518 0.483367
vt 0.943474 0.459831
vt 0.942629 0.456229
vt 0.942264 0.432912
vt 0.942548 0.409814
vt 0.943356 0.406170
vt 0.944221 0.382238
vt 0.943937 0.357838
vt 0.944721 0.354682
vt 0.945388 0.330413
vt 0.945035 0.308479
vt 0.944683 0.305391
vt 0.946027 0.278660
vt 0.947272 0.251731
vt 0.948632 0.248715
vt 0.950587 0.225670
vt 0.950900 0.200340
vt 0.951972 0.196612
vt 0.951838 0.172164
vt 0.949263 0.150406
vt 0.948249 0.146907
vt 0.944906 0.119483
vt 0.940384 0.095438
vt 0.934029 0.802612
vt 0.935272 0.798748
vt 0.928164 0.899298
vt 0.932186 0.877967
vt 0.935255 0.750749
vt 0.935032 0.726840
vt 0.932999 0.853590
vt 0.935423 0.703084
vt 0.936205 0.700226
vt 0.932551 0.850954
vt 0.933182 0.825899
vt 0.936048 0.677245
vt 0.936121 0.654498
vt 0.935401 0.776011
vt 0.935751 0.752919
vt 0.613395 0.628445
vt 0.935430 0.651189
vt 0.935496 0.628964
vt 0.937524 0.561058
vt 0.939161 0.556519
vt 0.939829 0.533759
vt 0.941644 0.507645
vt 0.938812 0.455866
vt 0.619511 0.455756
vt 0.618873 0.433939
vt 0.938908 0.432843
vt 0.613913 0.562030
vt 0.928503 0.803326
vt 0.618227 0.806623
vt 0.613767 0.534329
vt 0.613739 0.558348
vt 0.940191 0.483276
vt 0.618832 0.484762
vt 0.619496 0.459514
vt 0.940348 0.459780
vt 0.936665 0.533516
vt 0.618448 0.534347
vt 0.619312 0.510039
vt 0.937729 0.507798
vt 0.939269 0.504212
vt 0.619354 0.506824
vt 0.928514 0.850437
vt 0.619152 0.850797
vt 0.618057 0.828063
vt 0.929791 0.825888
vt 0.614115 0.509792
vt 0.924819 0.898770
vt 0.623805 0.900536
vt 0.614281 0.507134
vt 0.936316 0.556411
vt 0.618601 0.558130
vt 0.941643 0.120048
vt 0.619410 0.129667
vt 0.622189 0.106388
vt 0.937427 0.096365
vt 0.614178 0.459286
vt 0.613961 0.484779
vt 0.933862 0.561092
vt 0.618624 0.562310
vt 0.614356 0.456128
vt 0.943975 0.147187
vt 0.618585 0.154574
vt 0.613918 0.383544
vt 0.613934 0.408811
vt 0.933608 0.605562
vt 0.617571 0.605069
vt 0.618013 0.582033
vt 0.933467 0.582232
vt 0.946202 0.150682
vt 0.618743 0.157476
vt 0.613885 0.360831
vt 0.932426 0.628850
vt 0.618059 0.628352
vt 0.613800 0.333041
vt 0.613810 0.358379
vt 0.948741 0.196650
vt 0.618162 0.206122
vt 0.617909 0.180517
vt 0.948411 0.172380
vt 0.613953 0.310217
vt 0.929770 0.650358
vt 0.618755 0.649625
vt 0.946635 0.200470
vt 0.618141 0.209251
vt 0.613563 0.282570
vt 0.613673 0.307829
vt 0.618797 0.653266
vt 0.930936 0.654033
vt 0.613210 0.259082
vt 0.618085 0.232069
vt 0.947290 0.225435
vt 0.613249 0.257607
vt 0.927033 0.903076
vt 0.922364 0.902832
vt 0.623984 0.903949
vt 0.042958 0.406722
vt 0.042844 0.349783
vt 0.042837 0.289358
vt 0.042833 0.228905
vt 0.042850 0.171908
vt 0.042773 0.107239
vt 0.043005 0.465838
vn -0.4516 0.8025 0.3899
vn -0.4604 -0.7937 0.3975
vn -0.5291 -0.7937 0.3000
vn -0.5191 0.8025 0.2943
vn -0.3622 -0.5916 0.7203
vn 0.2733 -0.7937 -0.5434
vn 0.1620 -0.7937 -0.5863
vn -0.2147 -0.5916 0.7771
vn 0.7771 -0.5916 0.2147
vn -0.5863 -0.7937 -0.1620
vn -0.6066 -0.7937 -0.0445
vn 0.8040 -0.5916 0.0590
vn 0.0590 -0.5916 -0.8040
vn -0.0445 -0.7937 0.6066
vn 0.0747 -0.7937 0.6037
vn -0.0990 -0.5916 -0.8001
vn -0.7654 -0.5916 0.2532
vn 0.5775 -0.7937 -0.1910
vn 0.5291 -0.7937 -0.3000
vn -0.7013 -0.5916 0.3977
vn 0.3977 -0.5916 0.7013
vn -0.3000 -0.7937 -0.5291
vn -0.3975 -0.7937 -0.4604
vn 0.5268 -0.5916 0.6102
vn 0.6102 -0.5916 -0.5268
vn -0.3740 -0.7937 0.4797
vn 0.4957 -0.5916 -0.6358
vn -0.6358 -0.5916 -0.4957
vn 0.4797 -0.7937 0.3740
vn 0.5434 -0.7937 0.2733
vn -0.7203 -0.5916 -0.3622
vn 0.0445 -0.7937 -0.6066
vn -0.0590 -0.5916 0.8040
vn -0.6037 -0.7937 0.0747
vn 0.8001 -0.5916 -0.0990
vn 0.1910 -0.7937 0.5775
vn -0.2532 -0.5916 -0.7654
vn 0.4604 -0.7937 -0.3975
vn -0.6102 -0.5916 0.5268
vn -0.4797 -0.7937 -0.3740
vn 0.6358 -0.5916 0.4957
vn -0.2733 -0.7937 0.5434
vn 0.3622 -0.5916 -0.7203
vn -0.7771 -0.5916 -0.2147
vn 0.5863 -0.7937 0.1620
vn 0.6066 -0.7937 0.0445
vn -0.8040 -0.5916 -0.0590
vn -0.0747 -0.7937 -0.6037
vn 0.0990 -0.5916 0.8001
vn -0.5775 -0.7937 0.1910
vn 0.7654 -0.5916 -0.2532
vn 0.3000 -0.7937 0.5291
vn -0.3977 -0.5916 -0.7013
vn 0.3740 -0.7937 -0.4797
vn -0.4957 -0.5916 0.6358
vn -0.5434 -0.7937 -0.2733
vn 0.7203 -0.5916 0.3622
vn -0.1620 -0.7937 0.5863
vn 0.2147 -0.5916 -0.7771
vn 0.6037 -0.7937 -0.0747
vn -0.8001 -0.5916 0.0990
vn -0.1910 -0.7937 -0.5775
vn 0.2532 -0.5916 0.7654
vn 0.7013 -0.5916 -0.3977
vn 0.3975 -0.7937 0.4604
vn -0.5268 -0.5916 -0.6102
vn 0.6705 0.6371 -0.3802
vn 0.5834 0.6371 -0.5037
vn 0.6138 0.0599 -0.7872
vn 0.4484 0.0599 -0.8918
vn 0.2421 0.6371 0.7318
vn 0.3802 0.6371 0.6705
vn -0.2943 0.8025 -0.5191
vn -0.1874 0.8025 -0.5665
vn -0.7649 0.6371 0.0946
vn -0.7318 0.6371 0.2421
vn 0.5665 0.8025 -0.1874
vn 0.5922 0.8025 -0.0733
vn 0.2053 0.6371 -0.7429
vn 0.0564 0.6371 -0.7687
vn -0.0436 0.8025 0.5951
vn -0.1589 0.8025 0.5752
vn 0.6886 0.6371 0.3463
vn 0.7429 0.6371 0.2053
vn -0.5752 0.8025 -0.1589
vn -0.5331 0.8025 -0.2680
vn -0.4740 0.6371 0.6078
vn -0.3463 0.6371 0.6886
vn 0.2680 0.8025 -0.5331
vn 0.3669 0.8025 -0.4705
vn -0.3802 0.6371 -0.6705
vn -0.5037 0.6371 -0.5834
vn 0.3899 0.8025 0.4516
vn 0.2943 0.8025 0.5191
vn 0.7318 0.6371 -0.2421
vn -0.5665 0.8025 0.1874
vn 0.0946 0.6371 0.7649
vn -0.0733 0.8025 -0.5922
vn -0.7687 0.6371 -0.0564
vn 0.5951 0.8025 0.0436
vn 0.3463 0.6371 -0.6886
vn -0.2680 0.8025 0.5331
vn 0.6078 0.6371 0.4740
vn -0.4705 0.8025 -0.3669
vn -0.5834 0.6371 0.5037
vn 0.4516 0.8025 -0.3899
vn -0.2421 0.6371 -0.7318
vn 0.1874 0.8025 0.5665
vn 0.7649 0.6371 -0.0946
vn -0.5922 0.8025 0.0733
vn -0.0564 0.6371 0.7687
vn 0.0436 0.8025 -0.5951
vn -0.6886 0.6371 -0.3463
vn -0.7429 0.6371 -0.2053
vn 0.5752 0.8025 0.1589
vn 0.5331 0.8025 0.2680
vn 0.4740 0.6371 -0.6078
vn -0.3669 0.8025 0.4705
vn 0.5037 0.6371 0.5834
vn -0.3899 0.8025 -0.4516
vn -0.6705 0.6371 0.3802
vn 0.5191 0.8025 -0.2943
vn -0.0946 0.6371 -0.7649
vn 0.0733 0.8025 0.5922
vn 0.7687 0.6371 0.0564
vn -0.5951 0.8025 -0.0436
vn -0.2053 0.6371 0.7429
vn 0.1589 0.8025 -0.5752
vn -0.6078 0.6371 -0.4740
vn 0.4705 0.8025 0.3669
vn 0.6523 0.0599 0.7556
vn 0.7872 0.0599 0.6138
vn -0.8683 0.0599 0.4924
vn -0.7556 0.0599 0.6523
vn -0.7872 0.0599 -0.6138
vn -0.8918 0.0599 -0.4484
vn 0.7556 0.0599 -0.6523
vn 0.4924 0.0599 0.8683
vn -0.9477 0.0599 0.3135
vn -0.6523 0.0599 -0.7556
vn 0.8683 0.0599 -0.4924
vn 0.3135 0.0599 0.9477
vn -0.9906 0.0599 0.1226
vn -0.4924 0.0599 -0.8683
vn 0.9477 0.0599 -0.3135
vn 0.1226 0.0599 0.9906
vn -0.9955 0.0599 -0.0730
vn -0.3135 0.0599 -0.9477
vn 0.9906 0.0599 -0.1226
vn -0.0730 0.0599 0.9955
vn -0.9621 0.0599 -0.2658
vn -0.1226 0.0599 -0.9906
vn 0.9955 0.0599 0.0730
vn -0.2658 0.0599 0.9621
vn 0.0730 0.0599 -0.9955
vn 0.9621 0.0599 0.2658
vn -0.4484 0.0599 0.8918
vn 0.2658 0.0599 -0.9621
vn 0.8918 0.0599 0.4484
vn -0.6138 0.0599 0.7872
vn -0.7556 0.0598 0.6523
vn -0.6138 0.0598 0.7872
vn 0.8918 0.0598 0.4484
vn 0.9906 0.0598 -0.1226
vn -0.3135 0.0598 -0.9477
vn 0.1226 0.0598 0.9906
vn -0.4924 0.0598 -0.8683
vn -0.9906 0.0598 0.1226
vn 0.3135 0.0598 0.9477
vn 0.8683 0.0598 -0.4924
vn -0.6523 0.0598 -0.7556
vn -0.9477 0.0598 0.3135
vn 0.4924 0.0598 0.8683
vn 0.7556 0.0598 -0.6523
vn -0.8683 0.0598 0.4924
vn 0.6523 0.0598 0.7556
vn -0.5663 -0.8025 0.1878
vn -0.5773 0.7937 0.1915
vn -0.5289 0.7937 0.3005
vn -0.5188 -0.8025 0.2947
vn -0.8041 0.5916 -0.0583
vn 0.6067 0.7937 0.0440
vn 0.5864 0.7937 0.1615
vn -0.7773 0.5916 -0.2141
vn 0.2141 0.5916 -0.7773
vn -0.1615 0.7937 0.5864
vn -0.2728 0.7937 0.5437
vn 0.3616 0.5916 -0.7206
vn 0.7205 0.5916 0.3616
vn -0.5437 0.7937 -0.2728
vn -0.4800 0.7937 -0.3736
vn 0.6362 0.5916 0.4952
vn -0.6098 0.5916 0.5273
vn 0.4601 0.7937 -0.3978
vn 0.5289 0.7937 -0.3005
vn -0.7010 0.5916 0.3982
vn -0.3982 0.5916 -0.7010
vn 0.3005 0.7937 0.5289
vn 0.1915 0.7937 0.5773
vn -0.2538 0.5916 -0.7652
vn 0.7652 0.5916 -0.2538
vn -0.6036 0.7937 0.0752
vn 0.8000 0.5916 -0.0996
vn 0.0996 0.5916 0.8000
vn -0.0752 0.7937 -0.6036
vn 0.0440 0.7937 -0.6067
vn -0.0583 0.5916 0.8041
vn 0.5437 0.7937 0.2728
vn -0.7206 0.5916 -0.3616
vn -0.3736 0.7937 0.4800
vn 0.4952 0.5916 -0.6362
vn -0.3978 0.7937 -0.4601
vn 0.5273 0.5916 0.6098
vn 0.5773 0.7937 -0.1915
vn -0.7652 0.5916 0.2538
vn 0.0752 0.7937 0.6036
vn -0.0996 0.5916 -0.8000
vn -0.6067 0.7937 -0.0440
vn 0.8041 0.5916 0.0583
vn -0.2141 0.5916 0.7773
vn 0.1615 0.7937 -0.5864
vn 0.2728 0.7937 -0.5437
vn -0.3616 0.5916 0.7206
vn 0.4800 0.7937 0.3736
vn -0.6362 0.5916 -0.4952
vn -0.4601 0.7937 0.3978
vn 0.6098 0.5916 -0.5273
vn -0.3005 0.7937 -0.5289
vn 0.3982 0.5916 0.7010
vn 0.6036 0.7937 -0.0752
vn -0.8000 0.5916 0.0996
vn -0.0440 0.7937 0.6067
vn 0.0583 0.5916 -0.8041
vn -0.5864 0.7937 -0.1615
vn 0.7772 0.5916 0.2141
vn 0.3736 0.7937 -0.4800
vn -0.4952 0.5916 0.6362
vn 0.3978 0.7937 0.4601
vn -0.5273 0.5916 -0.6098
vn 0.7010 0.5916 -0.3982
vn -0.1915 0.7937 -0.5773
vn 0.2538 0.5916 0.7652
vn 0.6702 -0.6371 -0.3807
vn 0.7316 -0.6371 -0.2427
vn 0.9905 -0.0599 -0.1234
vn 0.9956 -0.0599 0.0722
vn -0.5041 -0.6371 -0.5830
vn -0.3807 -0.6371 -0.6702
vn 0.2947 -0.8025 0.5188
vn 0.3903 -0.8025 0.4513
vn -0.4735 -0.6371 0.6082
vn -0.5830 -0.6371 0.5041
vn 0.4513 -0.8025 -0.3903
vn 0.3665 -0.8025 -0.4708
vn 0.7431 -0.6371 0.2047
vn 0.6889 -0.6371 0.3457
vn -0.5333 -0.8025 -0.2676
vn -0.5753 -0.8025 -0.1585
vn 0.0558 -0.6371 -0.7688
vn 0.2047 -0.6371 -0.7431
vn -0.1585 -0.8025 0.5753
vn -0.0432 -0.8025 0.5951
vn -0.7649 -0.6371 0.0952
vn -0.7688 -0.6371 -0.0558
vn 0.5951 -0.8025 0.0432
vn 0.5921 -0.8025 -0.0737
vn 0.3807 -0.6371 0.6702
vn 0.2427 -0.6371 0.7316
vn -0.1878 -0.8025 -0.5663
vn -0.2947 -0.8025 -0.5188
vn 0.5830 -0.6371 -0.5041
vn -0.4513 -0.8025 0.3903
vn -0.6082 -0.6371 -0.4735
vn 0.4708 -0.8025 0.3665
vn -0.3457 -0.6371 0.6889
vn 0.2676 -0.8025 -0.5333
vn 0.7687 -0.6371 0.0558
vn -0.5951 -0.8025 -0.0432
vn -0.0952 -0.6371 -0.7649
vn 0.0737 -0.8025 0.5921
vn -0.7316 -0.6371 0.2427
vn 0.5663 -0.8025 -0.1878
vn 0.5041 -0.6371 0.5830
vn -0.3903 -0.8025 -0.4513
vn 0.4735 -0.6371 -0.6082
vn -0.3665 -0.8025 0.4708
vn -0.6889 -0.6371 -0.3457
vn 0.5333 -0.8025 0.2676
vn -0.0558 -0.6371 0.7688
vn -0.2047 -0.6371 0.7431
vn 0.1585 -0.8025 -0.5753
vn 0.0432 -0.8025 -0.5951
vn 0.7649 -0.6371 -0.0952
vn -0.5921 -0.8025 0.0737
vn -0.2427 -0.6371 -0.7316
vn 0.1878 -0.8025 0.5664
vn -0.6702 -0.6371 0.3807
vn 0.5188 -0.8025 -0.2947
vn 0.6082 -0.6371 0.4735
vn -0.4708 -0.8025 -0.3665
vn 0.3457 -0.6371 -0.6889
vn -0.2676 -0.8025 0.5333
vn -0.7431 -0.6371 -0.2047
vn 0.5753 -0.8025 0.1585
vn 0.0952 -0.6371 0.7649
vn -0.0737 -0.8025 -0.5921
vn -0.3142 -0.0599 -0.9474
vn -0.1234 -0.0599 -0.9905
vn -0.8679 -0.0599 0.4931
vn -0.9474 -0.0599 0.3142
vn 0.1234 -0.0599 0.9905
vn -0.0722 -0.0599 0.9956
vn 0.9474 -0.0599 -0.3142
vn -0.4931 -0.0599 -0.8679
vn -0.7551 -0.0599 0.6529
vn 0.3142 -0.0599 0.9474
vn 0.8679 -0.0599 -0.4930
vn -0.6529 -0.0599 -0.7551
vn -0.6131 -0.0599 0.7877
vn 0.4930 -0.0599 0.8679
vn 0.7551 -0.0599 -0.6529
vn -0.7877 -0.0599 -0.6131
vn -0.4477 -0.0599 0.8921
vn 0.6529 -0.0599 0.7551
vn 0.6131 -0.0599 -0.7877
vn -0.8921 -0.0599 -0.4477
vn -0.2651 -0.0599 0.9623
vn 0.7877 -0.0599 0.6131
vn 0.4477 -0.0599 -0.8921
vn -0.9623 -0.0599 -0.2651
vn 0.8921 -0.0599 0.4477
vn 0.2651 -0.0599 -0.9623
vn -0.9956 -0.0599 -0.0722
vn 0.9623 -0.0599 0.2651
vn 0.0722 -0.0599 -0.9956
vn -0.9905 -0.0599 0.1234
vn -0.9474 -0.0598 0.3142
vn -0.9905 -0.0598 0.1234
vn -0.0722 -0.0598 0.9956
vn -0.2651 -0.0598 0.9623
vn -0.1234 -0.0598 -0.9905
vn 0.0722 -0.0598 -0.9956
vn -0.9956 -0.0598 -0.0722
vn 0.2651 -0.0598 -0.9623
vn -0.9623 -0.0598 -0.2651
vn 0.7877 -0.0598 0.6131
vn 0.6132 -0.0598 -0.7877
vn 0.6529 -0.0598 0.7551
vn -0.4477 -0.0598 0.8921
vn -0.7877 -0.0599 -0.6132
vn 0.7551 -0.0598 -0.6529
vn 0.4931 -0.0598 0.8679
vn -0.6132 -0.0598 0.7877
vn -0.6529 -0.0598 -0.7551
vn 0.8679 -0.0598 -0.4931
vn 0.3142 -0.0598 0.9474
vn -0.7551 -0.0598 0.6529
vn -0.4931 -0.0598 -0.8679
vn 0.9474 -0.0598 -0.3142
vn 0.1234 -0.0598 0.9905
vn -0.8679 -0.0598 0.4931
vn -0.3142 -0.0598 -0.9474
vn 0.9905 -0.0598 -0.1234
vn 0.2358 -0.0461 -0.9707
vn 0.6901 -0.0337 -0.7229
vn 0.9595 -0.0123 -0.2814
vn 0.9718 0.0123 0.2355
vn 0.7237 0.0337 0.6893
vn 0.2817 0.0461 0.9584
vn -0.2358 0.0461 0.9707
vn -0.6901 0.0337 0.7229
vn -0.9595 0.0123 0.2814
vn -0.9718 -0.0123 -0.2355
vn -0.7237 -0.0337 -0.6893
vn -0.2817 -0.0461 -0.9584
vn 0.0011 -0.9989 0.0477
vn -0.0011 0.9989 -0.0477
vn -0.1300 0.0000 -0.9915
vn 0.3832 0.0000 -0.9237
vn 0.7937 0.0000 -0.6083
vn 0.9915 0.0000 -0.1300
vn 0.9237 0.0000 0.3832
vn 0.6083 0.0000 0.7937
vn 0.1300 0.0000 0.9915
vn -0.3832 0.0000 0.9237
vn -0.7937 0.0000 0.6083
vn -0.9915 0.0000 0.1300
vn -0.9237 0.0000 -0.3832
vn -0.6083 0.0000 -0.7937
vn 0.0000 -1.0000 0.0000
vn 0.0000 1.0000 -0.0000
vn 0.1026 0.9230 -0.3708
vn -0.0599 0.9735 0.2205
vn -0.0724 0.9751 0.2097
vn 0.1997 0.9186 -0.3409
vn -0.4204 -0.3458 0.8388
vn -0.2469 -0.8353 0.4912
vn -0.1463 -0.8342 0.5316
vn -0.2385 -0.3432 0.9084
vn 0.9234 -0.3490 0.1598
vn 0.5286 -0.8439 0.0915
vn 0.5492 -0.8347 0.0403
vn 0.9362 -0.3447 0.0687
vn -0.0182 -0.3480 -0.9373
vn -0.0133 -0.8431 -0.5376
vn -0.0674 -0.8344 -0.5469
vn -0.1093 -0.3439 -0.9326
vn -0.8522 -0.3505 0.3883
vn -0.4884 -0.8451 0.2170
vn -0.4783 -0.8350 0.2719
vn -0.8109 -0.3461 0.4718
vn 0.5329 -0.3502 0.7703
vn 0.3080 -0.8449 0.4373
vn 0.3594 -0.8351 0.4163
vn 0.6139 -0.3456 0.7096
vn 0.7103 -0.3447 -0.6137
vn 0.4165 -0.8349 -0.3597
vn 0.3388 -0.8350 -0.4335
vn 0.5791 -0.3446 -0.7388
vn -0.7436 -0.3450 -0.5728
vn -0.4348 -0.8347 -0.3380
vn -0.4920 -0.8347 -0.2474
vn -0.8386 -0.3447 -0.4217
vn -0.1494 -0.3474 0.9257
vn -0.0916 -0.8425 0.5307
vn -0.0405 -0.8341 0.5500
vn -0.0701 -0.3437 0.9365
vn 0.9368 -0.3490 -0.0234
vn 0.5363 -0.8439 -0.0134
vn 0.5465 -0.8347 -0.0676
vn 0.9316 -0.3447 -0.1153
vn -0.1729 -0.8347 -0.5228
vn -0.2948 -0.3448 -0.8912
vn -0.4169 -0.8346 0.3599
vn -0.7106 -0.3446 0.6135
vn 0.4349 -0.8344 0.3386
vn 0.7464 -0.3435 0.5700
vn 0.5033 -0.3491 -0.7904
vn 0.2873 -0.8441 -0.4527
vn 0.2472 -0.8349 -0.4917
vn 0.4217 -0.3450 -0.8385
vn -0.9233 -0.3491 -0.1598
vn -0.5286 -0.8439 -0.0915
vn -0.5497 -0.8344 -0.0403
vn -0.9364 -0.3441 -0.0679
vn -0.5308 -0.8347 -0.1466
vn -0.9048 -0.3447 -0.2500
vn 0.0688 -0.8344 0.5469
vn 0.1384 -0.3428 0.9292
vn 0.5228 -0.8347 -0.1729
vn 0.8912 -0.3447 -0.2948
vn -0.2716 -0.8347 -0.4790
vn -0.4630 -0.3447 -0.8166
vn -0.3388 -0.8351 0.4334
vn -0.5867 -0.3462 0.7320
vn 0.7967 -0.3478 0.4941
vn 0.4548 -0.8429 0.2875
vn 0.4925 -0.8343 0.2477
vn 0.8384 -0.3439 0.4227
vn 0.1465 -0.8351 -0.5302
vn 0.2499 -0.3452 -0.9046
vn -0.9373 -0.3482 0.0160
vn -0.5376 -0.8431 0.0132
vn -0.5469 -0.8345 0.0673
vn -0.9329 -0.3438 0.1072
vn 0.2268 -0.3476 0.9098
vn 0.1188 -0.8422 0.5258
vn 0.1732 -0.8339 0.5239
vn 0.2936 -0.3434 0.8921
vn 0.8565 -0.3490 -0.3801
vn 0.4903 -0.8439 -0.2176
vn 0.4790 -0.8347 -0.2715
vn 0.8165 -0.3448 -0.4630
vn -0.5399 -0.3490 -0.7659
vn -0.3091 -0.8439 -0.4385
vn -0.3598 -0.8347 -0.4169
vn -0.6130 -0.3449 -0.7108
vn -0.5102 -0.3506 0.7853
vn -0.2860 -0.8452 0.4515
vn 0.5307 -0.8347 0.1466
vn 0.9048 -0.3448 0.2499
vn 0.0402 -0.8346 -0.5494
vn 0.0677 -0.3443 -0.9364
vn -0.5221 -0.8352 0.1726
vn -0.8912 -0.3457 0.2935
vn 0.7340 0.4183 -0.5350
vn 0.6811 0.4758 -0.5565
vn 0.3334 0.9164 -0.2214
vn 0.2019 0.8770 -0.4360
vn 0.2710 -0.8350 0.4788
vn 0.4547 -0.3459 0.8207
vn -0.6823 -0.3494 -0.6421
vn -0.3890 -0.8440 -0.3691
vn 0.5408 -0.1005 -0.8351
vn 0.4469 -0.1046 -0.8885
vn 0.2501 0.4985 0.8300
vn 0.3470 0.4219 0.8376
vn -0.0380 0.8806 0.4723
vn 0.0786 0.9217 0.3797
vn -0.8571 0.5117 -0.0595
vn -0.8303 0.4959 0.2543
vn -0.3800 0.9213 0.0827
vn -0.4044 0.8848 -0.2315
vn 0.2306 0.5003 -0.8346
vn 0.0609 0.4767 -0.8769
vn 0.0247 0.9178 -0.3962
vn 0.7691 0.4948 0.4045
vn 0.8443 0.5210 0.1252
vn 0.4107 0.9083 -0.0786
vn 0.3325 0.9213 0.2017
vn -0.6374 0.5448 0.5449
vn -0.3906 0.4876 0.7808
vn -0.1749 0.9200 0.3507
vn -0.4618 0.8821 0.0924
vn -0.6163 0.4244 -0.6634
vn -0.5748 0.4794 -0.6631
vn -0.2607 0.9184 -0.2975
vn -0.4692 0.8690 -0.1567
vn 0.6759 0.5435 -0.4977
vn 0.2000 0.9004 -0.3863
vn 0.3788 0.3460 0.8583
vn 0.5164 0.8031 0.2973
vn -0.8991 0.4273 -0.0951
vn -0.4100 0.8785 -0.2450
vn 0.4045 0.4821 -0.7771
vn 0.8201 0.4172 0.3915
vn 0.4720 0.8815 0.0145
vn -0.6550 0.4832 0.5808
vn -0.6695 0.3987 0.6267
vn -0.5179 0.8515 0.0814
vn -0.2808 0.9188 0.2774
vn -0.2745 0.4861 -0.8297
vn -0.5478 0.5268 -0.6498
vn -0.4060 0.8937 -0.1906
vn -0.1230 0.9201 -0.3718
vn 0.8513 0.5241 0.0245
vn 0.8295 0.4863 -0.2744
vn 0.3721 0.9200 -0.1231
vn 0.3952 0.9019 0.1743
vn -0.0844 0.4973 0.8634
vn 0.4217 0.5152 0.7461
vn 0.4757 0.8328 0.2830
vn -0.0688 0.9215 0.3821
vn -0.7806 0.4863 -0.3925
vn -0.8472 0.5283 -0.0558
vn -0.4241 0.8890 0.1723
vn -0.3500 0.9201 -0.1759
vn -0.9067 0.4213 -0.0185
vn -0.8754 0.4810 -0.0474
vn -0.3961 0.9182 0.0073
vn -0.4449 0.8575 0.2583
vn 0.3724 0.4148 -0.8302
vn -0.0366 0.8670 -0.4969
vn 0.5838 0.4808 0.6542
vn 0.7565 0.5270 0.3873
vn 0.4456 0.8949 0.0240
vn 0.2802 0.9183 0.2796
vn -0.7113 0.4168 0.5659
vn -0.1593 0.8603 0.4841
vn 0.0215 0.5216 -0.8529
vn 0.1661 0.9035 -0.3950
vn 0.8935 0.4395 0.0917
vn 0.4021 0.8796 0.2540
vn -0.0338 0.3986 0.9165
vn 0.2106 0.8671 0.4514
vn -0.5739 0.5246 -0.6288
vn -0.1449 0.8983 -0.4147
vn 0.3872 0.5443 -0.7442
vn 0.0391 0.9043 -0.4250
vn 0.3414 0.5498 0.7623
vn 0.0086 0.9109 0.4124
vn -0.6536 0.5456 0.5245
vn -0.1788 0.8937 0.4114
vn 0.0896 0.4404 -0.8933
vn 0.2347 0.8846 -0.4029
vn 0.8919 0.4469 0.0685
vn 0.8727 0.4819 0.0784
vn 0.3907 0.9185 0.0602
vn 0.4254 0.8966 -0.1232
vn -0.0283 0.5284 0.8485
vn 0.1965 0.8823 0.4276
vn -0.5666 0.4307 -0.7024
vn -0.1052 0.8769 -0.4690
vn -0.2329 -0.9716 -0.0403
vn -0.2099 -0.9776 -0.0154
vn 0.6518 -0.1052 0.7510
vn 0.7985 -0.1010 0.5934
vn -0.0940 -0.9777 0.1878
vn -0.0562 -0.9775 0.2033
vn -0.8493 -0.1084 0.5166
vn -0.7528 -0.1047 0.6499
vn -0.7972 -0.1087 -0.5937
vn -0.8885 -0.1046 -0.4467
vn 0.0115 -0.9729 0.2311
vn 0.0321 -0.9765 0.2129
vn 0.7516 -0.1039 -0.6513
vn 0.6208 -0.1079 -0.7765
vn 0.1712 -0.9716 0.1629
vn 0.1660 -0.9776 0.1294
vn 0.5569 -0.1011 0.8244
vn -0.8968 0.3764 -0.2326
vn -0.8884 -0.4325 -0.1538
vn -0.8634 -0.4444 -0.2385
vn -0.8018 0.4809 -0.3547
vn -0.9004 -0.1009 0.4232
vn -0.7309 -0.1002 -0.6751
vn 0.0661 -0.9776 0.1998
vn 0.8651 -0.1046 -0.4906
vn 0.3086 -0.1037 0.9455
vn 0.4668 -0.1080 0.8777
vn -0.8022 -0.4435 -0.3997
vn -0.8079 0.4481 -0.3827
vn -0.9896 -0.1014 0.1021
vn -0.9451 -0.1053 0.3092
vn -0.5730 -0.1040 -0.8129
vn -0.6486 -0.1051 -0.7538
vn 0.1038 -0.9776 0.1831
vn 0.9091 -0.1039 -0.4034
vn 0.2294 -0.9732 -0.0138
vn 0.2145 -0.9761 -0.0344
vn 0.2838 -0.1095 0.9526
vn 0.1362 -0.9716 0.1932
vn 0.1375 -0.9776 0.1593
vn -0.9943 -0.1065 0.0033
vn -0.3123 -0.1046 -0.9442
vn -0.4905 -0.1046 -0.8651
vn 0.1983 -0.9778 -0.0667
vn 0.9870 -0.1046 -0.1221
vn 0.9442 -0.1046 -0.3123
vn -0.7252 0.3485 -0.5937
vn -0.7452 -0.4367 -0.5039
vn -0.6886 -0.4396 -0.5766
vn -0.5405 0.4801 -0.6908
vn -0.0762 -0.1038 0.9917
vn 0.1717 -0.0971 0.9803
vn 0.2329 -0.9716 0.0403
vn 0.2106 -0.9774 0.0161
vn -0.9800 -0.1039 -0.1696
vn -0.9920 -0.1042 -0.0708
vn -0.1072 -0.1022 -0.9890
vn 0.1880 -0.9776 0.0945
vn 0.2029 -0.9776 0.0560
vn 0.2276 -0.9696 -0.0896
vn 0.1802 -0.9793 -0.0920
vn 0.9943 -0.1039 -0.0248
vn -0.5827 -0.4455 -0.6797
vn -0.5741 0.4339 -0.6943
vn 0.8592 0.2742 0.4320
vn 0.8003 -0.4445 0.4024
vn 0.7038 -0.4447 0.5539
vn 0.7992 0.3119 0.5138
vn -0.1383 -0.1075 0.9845
vn 0.1592 -0.9776 -0.1375
vn 0.8631 0.3241 0.3873
vn 0.8639 -0.4447 0.2365
vn -0.0102 -0.1058 -0.9943
vn 0.1151 -0.9796 -0.1649
vn -0.6303 0.4728 -0.6157
vn -0.5416 -0.4285 -0.7232
vn -0.4666 -0.4490 -0.7620
vn -0.5749 0.3628 -0.7334
vn 0.9800 -0.1039 0.1696
vn 0.9918 -0.1046 0.0727
vn 0.7338 0.2396 0.6357
vn 0.6512 -0.4325 0.6235
vn 0.5853 -0.4446 0.6781
vn 0.6021 0.3863 0.6987
vn 0.8376 0.4501 -0.3095
vn 0.8483 -0.4457 -0.2859
vn 0.8874 -0.4401 -0.1373
vn 0.8215 0.4690 -0.3242
vn -0.4436 -0.1054 0.8900
vn -0.2374 -0.1000 0.9662
vn 0.1207 -0.9691 -0.2150
vn 0.0949 -0.9779 -0.1864
vn -0.2860 -0.4430 -0.8496
vn -0.3095 0.4508 -0.8372
vn 0.2648 -0.1048 -0.9586
vn 0.0705 -0.1040 -0.9921
vn 0.0697 -0.9754 -0.2088
vn 0.8873 -0.1040 0.4492
vn 0.9586 -0.1046 0.2649
vn 0.5294 0.2190 0.8196
vn 0.5216 -0.4326 0.7354
vn 0.4451 -0.4447 0.7772
vn 0.3781 0.2929 0.8782
vn -0.5536 -0.1003 0.8267
vn 0.0499 -0.9740 -0.2210
vn 0.0143 -0.9772 -0.2116
vn -0.0127 0.2834 -0.9589
vn -0.1266 -0.4431 -0.8875
vn -0.0340 -0.4325 -0.9010
vn 0.3107 0.4528 -0.8357
vn 0.8531 -0.1068 0.5106
vn -0.9586 -0.1046 -0.2648
vn 0.2813 -0.4445 0.8504
vn 0.3045 0.2449 0.9205
vn -0.6399 -0.1090 0.7606
vn -0.7541 0.0865 0.6510
vn -0.7569 0.0000 0.6535
vn -0.6424 0.0000 0.7663
vn -0.6443 0.0827 0.7603
vn -0.8900 0.0864 -0.4476
vn -0.8934 0.0000 -0.4492
vn -0.9639 0.0000 -0.2663
vn -0.9604 0.0864 -0.2649
vn 0.8568 0.0829 0.5088
vn 0.8578 0.0000 0.5139
vn 0.8921 0.0000 0.4518
vn 0.8885 0.0868 0.4506
vn 0.4498 0.0859 -0.8890
vn 0.4503 -0.0003 -0.8929
vn 0.2663 0.0006 -0.9639
vn 0.2652 0.0875 -0.9602
vn -0.5647 0.0906 0.8203
vn -0.5614 0.0000 0.8275
vn -0.4461 0.0000 0.8950
vn -0.4439 0.0860 0.8919
vn 0.9639 0.0000 0.2663
vn 0.9604 0.0864 0.2649
vn 0.0697 -0.0003 -0.9976
vn 0.0678 0.0862 -0.9940
vn -0.2332 0.0000 0.9724
vn -0.2253 0.0898 0.9701
vn 0.9817 0.0863 0.1694
vn 0.9853 0.0000 0.1705
vn 0.9973 0.0000 0.0732
vn 0.9936 0.0865 0.0729
vn -0.0078 0.0841 -0.9964
vn -0.0101 0.0000 -0.9999
vn -0.1058 0.0000 -0.9944
vn -0.1025 0.0882 -0.9908
vn -0.1352 0.0821 0.9874
vn -0.1403 0.0000 0.9901
vn -0.0769 0.0000 0.9970
vn -0.0773 0.0869 0.9932
vn 0.9959 0.0863 -0.0245
vn 0.9997 0.0000 -0.0249
vn 0.9924 0.0000 -0.1228
vn 0.9887 0.0864 -0.1221
vn -0.3141 0.0000 -0.9494
vn -0.3128 0.0864 -0.9458
vn -0.9817 0.0863 -0.1694
vn -0.9853 0.0000 -0.1705
vn -0.9975 0.0000 -0.0711
vn -0.9937 0.0868 -0.0705
vn 0.1877 0.0000 0.9822
vn 0.2014 0.0924 0.9751
vn 0.9494 0.0000 -0.3141
vn 0.9458 0.0864 -0.3129
vn -0.4932 0.0000 -0.8699
vn -0.4917 0.0864 -0.8664
vn -0.9965 0.0834 0.0003
vn -1.0000 0.0000 0.0034
vn -0.9950 0.0000 0.0995
vn -0.9915 0.0888 0.0950
vn 0.2864 0.0787 0.9549
vn 0.2795 0.0000 0.9601
vn 0.3101 0.0000 0.9507
vn 0.3082 0.0869 0.9473
vn 0.9104 0.0863 -0.4047
vn 0.9140 0.0000 -0.4056
vn 0.8699 0.0000 -0.4932
vn 0.8663 0.0865 -0.4919
vn -0.5744 0.0863 -0.8140
vn -0.5761 0.0000 -0.8173
vn -0.6535 0.0005 -0.7569
vn -0.6522 0.0871 -0.7530
vn -0.9504 0.0000 0.3108
vn -0.9471 0.0860 0.3092
vn 0.4702 0.0000 0.8825
vn 0.4648 0.0837 0.8814
vn 0.7577 -0.0009 -0.6526
vn 0.7571 0.0852 -0.6476
vn -0.7117 0.0794 -0.6979
vn -0.7262 -0.0059 -0.6875
vn -0.7871 0.0054 -0.6168
vn -0.7716 0.0926 -0.6293
vn -0.8972 0.0899 0.4324
vn -0.9031 0.0000 0.4295
vn -0.8549 0.0000 0.5188
vn -0.8497 0.0834 0.5206
vn 0.5502 0.0895 0.8302
vn 0.5567 0.0000 0.8307
vn 0.6555 0.0000 0.7552
vn 0.6534 0.0862 0.7520
vn 0.6073 0.0065 -0.7944
vn 0.5888 0.0948 -0.8027
vn 0.8049 0.0000 0.5934
vn 0.8049 0.0892 0.5866
vn 0.5103 0.0789 -0.8563
vn 0.5299 -0.0056 -0.8480
vn 0.4997 0.1065 -0.8596
vn 0.4493 0.1027 -0.8874
vn 0.6524 0.1027 0.7508
vn 0.8031 0.0987 0.5875
vn -0.8462 0.1072 0.5219
vn -0.7528 0.1036 0.6500
vn -0.7711 0.0966 -0.6293
vn -0.8888 0.1010 -0.4470
vn 0.7564 0.1032 -0.6459
vn 0.5910 0.0961 -0.8009
vn 0.5516 0.0980 0.8283
vn -0.8963 0.0982 0.4324
vn -0.7038 0.1052 -0.7026
vn 0.8623 0.1020 -0.4960
vn 0.3078 0.1018 0.9460
vn 0.4624 0.1057 0.8803
vn -0.9905 0.0988 0.0951
vn -0.9454 0.1025 0.3094
vn -0.5783 0.1008 -0.8095
vn -0.6513 0.1014 -0.7520
vn 0.9068 0.1008 -0.4092
vn 0.2929 0.1082 0.9500
vn -0.9944 0.1050 -0.0017
vn -0.3124 0.1007 -0.9446
vn -0.4957 0.1010 -0.8626
vn 0.9879 0.1015 -0.1175
vn 0.9445 0.1012 -0.3124
vn -0.0772 0.1018 0.9918
vn 0.1924 0.0948 0.9767
vn -0.9814 0.1017 -0.1625
vn -0.9922 0.1027 -0.0705
vn -0.1024 0.0983 -0.9899
vn 0.9946 0.1015 -0.0194
vn -0.1327 0.1061 0.9854
vn -0.0061 0.1031 -0.9946
vn 0.9809 0.1023 0.1654
vn 0.9919 0.1030 0.0734
vn -0.4437 0.1031 0.8902
vn -0.2279 0.0978 0.9687
vn 0.2649 0.1015 -0.9589
vn 0.0683 0.1020 -0.9924
vn 0.8872 0.1020 0.4499
vn 0.9599 0.1026 0.2608
vn -0.5630 0.0980 0.8206
vn 0.8557 0.1052 0.5066
vn -0.9606 0.1014 -0.2587
vn -0.6454 0.1079 0.7562
vn -0.7541 -0.0864 0.6510
vn -0.6435 -0.0828 0.7609
vn -0.8901 -0.0865 -0.4475
vn -0.9603 -0.0865 -0.2653
vn 0.8564 -0.0829 0.5095
vn 0.8885 -0.0868 0.4505
vn 0.4479 -0.0867 -0.8899
vn 0.2653 -0.0860 -0.9603
vn -0.5636 -0.0905 0.8210
vn -0.4439 -0.0861 0.8919
vn 0.9602 -0.0865 0.2653
vn 0.0699 -0.0869 -0.9937
vn -0.2267 -0.0898 0.9698
vn 0.9817 -0.0863 0.1699
vn 0.9936 -0.0865 0.0729
vn -0.0080 -0.0841 -0.9964
vn -0.1027 -0.0882 -0.9908
vn -0.1361 -0.0820 0.9873
vn -0.0772 -0.0869 0.9932
vn 0.9959 -0.0863 -0.0248
vn 0.9887 -0.0865 -0.1223
vn -0.3128 -0.0865 -0.9458
vn -0.9817 -0.0863 -0.1699
vn -0.9937 -0.0867 -0.0705
vn 0.1984 -0.0925 0.9757
vn 0.9458 -0.0865 -0.3129
vn -0.4914 -0.0865 -0.8666
vn -0.9965 -0.0834 0.0006
vn -0.9915 -0.0888 0.0954
vn 0.2848 -0.0787 0.9553
vn 0.3083 -0.0869 0.9473
vn 0.9106 -0.0863 -0.4041
vn 0.8666 -0.0865 -0.4914
vn -0.5740 -0.0863 -0.8143
vn -0.6499 -0.0859 -0.7551
vn -0.9471 -0.0861 0.3092
vn 0.4655 -0.0837 0.8810
vn 0.7529 -0.0874 -0.6522
vn -0.7352 -0.0932 -0.6714
vn -0.7959 -0.0802 -0.6000
vn -0.8975 -0.0899 0.4317
vn -0.8500 -0.0833 0.5202
vn 0.5511 -0.0895 0.8296
vn 0.6534 -0.0862 0.7520
vn 0.6181 -0.0797 -0.7820
vn 0.8043 -0.0892 0.5875
vn 0.5433 -0.0921 -0.8345
vn -0.3296 0.9321 -0.1501
vn -0.2098 0.9752 0.0694
vn -0.1753 0.9478 0.2664
vn -0.2229 0.9247 0.3086
vn -0.2225 0.9747 0.0201
vn -0.1978 0.9453 -0.2595
vn -0.1475 0.9561 -0.2529
vn -0.2148 0.9743 -0.0675
vn -0.0347 0.9308 -0.3638
vn 0.0094 0.9364 -0.3507
vn -0.1170 0.9749 -0.1891
vn -0.3318 0.9409 -0.0674
vn -0.3808 0.9239 -0.0362
vn -0.1197 0.9734 -0.1952
vn 0.4744 0.8334 -0.2833
vn 0.4272 0.8694 -0.2483
vn -0.0311 0.9738 -0.2254
vn 0.3757 0.9139 -0.1533
vn 0.3728 0.9214 -0.1098
vn 0.1014 0.9755 -0.1952
vn -0.1539 0.9098 -0.3853
vn -0.1961 0.8842 -0.4239
vn 0.1870 0.9750 -0.1199
vn 0.3862 0.8910 0.2386
vn 0.3259 0.8502 0.4134
vn 0.2495 0.8959 0.3676
vn 0.3471 0.9214 0.1747
vn 0.1942 0.9740 -0.1169
vn 0.4800 0.8756 0.0532
vn 0.1762 0.9620 0.2087
vn 0.1617 0.9279 -0.3358
vn 0.0013 0.8529 0.5220
vn -0.0570 0.8892 0.4539
vn 0.2178 0.9254 -0.3100
vn 0.2450 0.9683 0.0485
vn 0.1268 0.9148 0.3834
vn 0.2722 0.8999 0.3407
vn 0.3374 0.9259 0.1697
vn 0.4244 0.9054 0.0124
vn -0.0165 -0.9775 0.2102
vn 0.2772 0.8757 0.3953
vn -0.0263 0.9702 0.2406
vn -0.4128 0.9108 0.0043
vn -0.3241 0.9459 0.0141
vn -0.1274 0.9739 0.1876
vn -0.3549 0.9199 -0.1665
vn -0.9191 0.3726 0.1283
vn -0.9013 -0.4325 0.0224
vn -0.8933 -0.4445 -0.0655
vn -0.9003 0.4325 -0.0491
vn -0.1277 -0.9722 0.1961
vn 0.9402 0.2431 0.2383
vn 0.8886 -0.4326 0.1523
vn -0.1587 -0.9777 0.1375
vn -0.1326 -0.9771 0.1665
vn -0.8520 0.4412 0.2818
vn -0.8504 -0.4445 0.2813
vn -0.8890 -0.4445 0.1100
vn -0.8335 0.4849 0.2649
vn -0.6655 0.4279 0.6114
vn -0.6770 -0.4449 0.5863
vn -0.7791 -0.4445 0.4419
vn -0.8599 0.3569 0.3648
vn -0.8606 0.4703 0.1954
vn -0.8241 -0.4325 0.3658
vn 0.9238 0.3549 -0.1435
vn 0.8988 -0.4360 -0.0460
vn 0.8935 -0.4438 0.0688
vn 0.9031 0.4230 0.0735
vn -0.1831 -0.9776 0.1038
vn 0.8715 0.4642 -0.1582
vn 0.8367 -0.4285 -0.3411
vn -0.2160 -0.9716 0.0959
vn -0.6684 0.5007 0.5499
vn -0.5574 -0.4433 0.7020
vn 0.6921 0.4341 -0.5766
vn 0.6783 -0.4448 -0.5848
vn 0.7929 -0.4500 -0.4107
vn 0.8845 0.3516 -0.3064
vn -0.2089 -0.9776 0.0258
vn -0.1998 -0.9776 0.0661
vn -0.5946 0.3466 0.7255
vn -0.4893 -0.4341 0.7564
vn -0.2363 -0.9716 0.0059
vn 0.4350 0.3349 -0.8358
vn 0.5164 -0.4506 -0.7282
vn -0.1894 -0.9774 -0.0942
vn -0.2029 -0.9776 -0.0561
vn -0.2378 0.4464 0.8626
vn -0.2389 -0.4445 0.8633
vn -0.4011 -0.4450 0.8007
vn -0.3911 0.4347 0.8112
vn 0.2510 0.4619 -0.8506
vn 0.4534 -0.4272 -0.7822
vn -0.1881 -0.9735 -0.1299
vn -0.0763 0.4106 0.9086
vn -0.0690 -0.4443 0.8932
vn -0.1363 -0.9778 -0.1591
vn -0.1662 -0.9759 -0.1411
vn 0.4755 0.4786 -0.7382
vn 0.2774 -0.4383 -0.8549
vn 0.4057 -0.4458 -0.7979
vn 0.4076 0.4415 -0.7993
vn -0.1481 -0.9698 -0.1938
vn 0.0801 0.2259 0.9709
vn 0.0374 -0.4352 0.8995
vn 0.2880 0.3302 -0.8989
vn 0.1874 -0.4378 -0.8793
vn -0.0678 -0.9772 -0.2009
vn -0.1072 -0.9791 -0.1729
vn 0.1272 -0.4415 0.8882
vn 0.1990 0.2733 0.9411
vn -0.0256 -0.9760 -0.2164
vn 0.0613 -0.4430 -0.8944
vn 0.0374 0.4501 -0.8921
vn -0.0045 -0.9733 -0.2295
usemtl Material.002
s 1
f 76/1/1 108/2/2 109/3/3 77/4/4
f 13/5/5 122/6/6 121/7/7 15/8/8
f 31/9/9 113/10/10 112/11/11 33/12/12
f 49/13/13 104/14/14 103/15/15 51/16/16
f 5/17/17 126/18/18 125/19/19 7/20/20
f 23/21/21 117/22/22 116/23/23 25/24/24
f 41/25/25 108/26/2 107/27/26 43/28/27
f 59/29/28 99/30/29 97/31/30 63/32/31
f 15/8/8 121/7/7 120/33/32 17/34/33
f 33/12/12 112/11/11 111/35/34 35/36/35
f 51/16/16 103/15/15 102/37/36 53/38/37
f 7/20/20 125/19/19 124/39/38 9/40/39
f 25/24/24 116/23/23 115/41/40 27/42/41
f 43/28/27 107/27/26 106/43/42 45/44/43
f 61/45/44 98/46/45 128/47/46 1/48/47
f 63/32/31 97/31/30 98/46/45 61/45/44
f 17/34/33 120/33/32 119/49/48 19/50/49
f 35/36/35 111/35/34 110/51/50 37/52/51
f 53/38/37 102/37/36 101/53/52 55/54/53
f 9/40/39 124/39/38 123/55/54 11/56/55
f 27/42/41 115/41/40 114/57/56 29/58/57
f 45/44/43 106/43/42 105/59/58 47/60/59
f 1/48/47 128/47/46 127/61/60 3/62/61
f 19/50/49 119/49/48 118/63/62 21/64/63
f 37/52/51 110/51/50 109/65/3 39/66/64
f 55/54/53 101/53/52 100/67/65 57/68/66
f 11/56/55 123/55/54 122/6/6 13/5/5
f 29/58/57 114/57/56 113/10/10 31/9/9
f 47/60/59 105/59/58 104/14/14 49/13/13
f 3/62/61 127/61/60 126/18/18 5/17/17
f 26/69/67 24/70/68 76/71/1 77/72/4
f 21/73/63 118/74/62 117/22/22 23/21/21
f 57/68/66 100/67/65 99/30/29 59/29/28
f 165/75/69 43/28/27 45/44/43 161/76/70
f 39/66/64 109/65/3 108/26/2 41/25/25
f 44/77/71 42/78/72 85/79/73 86/80/74
f 62/81/75 60/82/76 94/83/77 95/84/78
f 18/85/79 16/86/80 72/87/81 73/88/82
f 36/89/83 34/90/84 81/91/85 82/92/86
f 54/93/87 52/94/88 90/95/89 91/96/90
f 10/97/91 8/98/92 68/99/93 69/100/94
f 28/101/95 26/69/67 77/72/4 78/102/96
f 46/103/97 44/104/71 86/105/74 87/106/98
f 64/107/99 62/81/75 95/84/78 96/108/100
f 20/109/101 18/85/79 73/88/82 74/110/102
f 38/111/103 36/89/83 82/92/86 83/112/104
f 56/113/105 54/93/87 91/96/90 92/114/106
f 12/115/107 10/97/91 69/100/94 70/116/108
f 30/117/109 28/101/95 78/102/96 79/118/110
f 48/119/111 46/103/97 87/106/98 88/120/112
f 4/121/113 2/122/114 65/123/115 66/124/116
f 2/122/114 64/107/99 96/108/100 65/123/115
f 22/125/117 20/109/101 74/110/102 75/126/118
f 40/127/119 38/111/103 83/112/104 84/128/120
f 58/129/121 56/113/105 92/114/106 93/130/122
f 14/131/123 12/115/107 70/116/108 71/132/124
f 32/133/125 30/117/109 79/118/110 80/134/126
f 50/135/127 48/119/111 88/120/112 89/136/128
f 6/137/129 4/121/113 66/124/116 67/138/130
f 24/70/68 22/125/117 75/126/118 76/71/1
f 42/78/72 40/127/119 84/128/120 85/79/73
f 60/82/76 58/129/121 93/130/122 94/83/77
f 16/86/80 14/131/123 71/132/124 72/87/81
f 34/90/84 32/133/125 80/134/126 81/91/85
f 52/94/88 50/135/127 89/136/128 90/95/89
f 8/98/92 6/137/129 67/138/130 68/99/93
f 77/4/4 109/3/3 110/139/50 78/140/96
f 166/141/131 25/24/24 27/42/41 162/142/132
f 78/140/96 110/139/50 111/143/34 79/144/110
f 167/145/133 7/20/20 9/40/39 163/146/134
f 168/147/135 59/29/28 63/32/31 164/148/136
f 79/144/110 111/143/34 112/149/11 80/150/126
f 169/151/137 41/25/25 43/28/27 165/75/69
f 80/150/126 112/149/11 113/152/10 81/153/85
f 170/154/138 23/21/21 25/24/24 166/141/131
f 81/153/85 113/152/10 114/155/56 82/156/86
f 171/157/139 5/17/17 7/20/20 167/145/133
f 172/158/140 57/68/66 59/29/28 168/147/135
f 82/156/86 114/155/56 115/159/40 83/160/104
f 173/161/141 39/66/64 41/25/25 169/151/137
f 83/160/104 115/159/40 116/162/23 84/163/120
f 174/164/142 21/73/63 23/21/21 170/154/138
f 84/163/120 116/162/23 117/165/22 85/166/73
f 175/167/143 3/62/61 5/17/17 171/157/139
f 176/168/144 55/54/53 57/68/66 172/158/140
f 85/166/73 117/165/22 118/169/62 86/170/74
f 177/171/145 37/52/51 39/66/64 173/161/141
f 86/172/74 118/173/62 119/174/48 87/175/98
f 178/176/146 19/50/49 21/64/63 174/177/142
f 87/175/98 119/174/48 120/178/32 88/179/112
f 179/180/147 1/48/47 3/62/61 175/167/143
f 180/181/148 53/38/37 55/54/53 176/168/144
f 88/179/112 120/178/32 121/182/7 89/183/128
f 181/184/149 35/36/35 37/52/51 177/171/145
f 89/183/128 121/182/7 122/185/6 90/186/89
f 182/187/150 17/34/33 19/50/49 178/176/146
f 90/186/89 122/185/6 123/188/54 91/189/90
f 183/190/151 61/45/44 1/48/47 179/180/147
f 184/191/152 51/16/16 53/38/37 180/181/148
f 91/189/90 123/188/54 124/192/38 92/193/106
f 65/194/115 98/195/45 97/196/30 66/197/116
f 185/198/153 33/12/12 35/36/35 181/184/149
f 92/193/106 124/192/38 125/199/19 93/200/122
f 66/197/116 97/196/30 99/201/29 67/202/130
f 186/203/154 15/8/8 17/34/33 182/187/150
f 93/200/122 125/199/19 126/204/18 94/205/77
f 67/202/130 99/201/29 100/206/65 68/207/93
f 187/208/155 49/13/13 51/16/16 184/191/152
f 94/205/77 126/204/18 127/209/60 95/210/78
f 68/207/93 100/206/65 101/211/52 69/212/94
f 188/213/156 31/9/9 33/12/12 185/198/153
f 95/210/78 127/209/60 128/214/46 96/215/100
f 69/212/94 101/211/52 102/216/36 70/217/108
f 189/218/157 13/5/5 15/8/8 186/203/154
f 96/215/100 128/214/46 98/195/45 65/194/115
f 70/217/108 102/216/36 103/219/15 71/220/124
f 190/221/158 47/60/59 49/13/13 187/208/155
f 71/220/124 103/219/15 104/222/14 72/223/81
f 191/224/159 29/58/57 31/9/9 188/213/156
f 72/223/81 104/222/14 105/225/58 73/226/82
f 192/227/160 11/56/55 13/5/5 189/218/157
f 73/226/82 105/225/58 106/228/42 74/229/102
f 161/76/70 45/44/43 47/60/59 190/221/158
f 74/229/102 106/228/42 107/230/26 75/231/118
f 162/142/132 27/42/41 29/58/57 191/224/159
f 164/148/136 63/32/31 61/45/44 183/190/151
f 75/231/118 107/230/26 108/2/2 76/1/1
f 163/146/134 9/40/39 11/56/55 192/227/160
f 56/113/105 133/232/161 160/233/162 54/93/87
f 4/121/113 135/234/136 151/235/151 2/122/114
f 38/111/103 131/236/132 159/237/163 36/89/83
f 20/109/101 129/238/70 158/239/158 18/85/79
f 54/93/87 160/233/162 157/240/157 52/94/88
f 36/89/83 159/237/163 156/241/156 34/90/84
f 18/85/79 158/239/158 155/242/155 16/86/80
f 52/94/88 157/240/157 154/243/154 50/135/127
f 34/90/84 156/241/156 153/244/153 32/133/125
f 16/86/80 155/242/155 152/245/152 14/131/123
f 50/135/127 154/243/154 150/246/150 48/119/111
f 32/133/125 153/244/153 149/247/164 30/117/109
f 14/131/123 152/245/152 148/248/165 12/115/107
f 2/122/114 151/235/151 147/249/147 64/107/99
f 48/119/111 150/246/150 146/250/166 46/103/97
f 30/117/109 149/247/164 145/251/145 28/101/95
f 12/115/107 148/248/165 144/252/167 10/97/91
f 64/107/99 147/249/147 143/253/168 62/81/75
f 46/103/97 146/250/166 142/254/169 44/104/71
f 28/101/95 145/251/145 141/255/170 26/69/67
f 10/97/91 144/252/167 140/256/171 8/98/92
f 62/81/75 143/253/168 139/257/172 60/82/76
f 44/77/71 142/258/169 138/259/173 42/78/72
f 26/69/67 141/255/170 137/260/174 24/70/68
f 8/98/92 140/256/171 136/261/135 6/137/129
f 60/82/76 139/257/172 134/262/175 58/129/121
f 42/78/72 138/259/173 132/263/176 40/127/119
f 24/70/68 137/260/174 130/264/69 22/125/117
f 6/137/129 136/261/135 135/234/136 4/121/113
f 58/129/121 134/262/175 133/232/161 56/113/105
f 40/127/119 132/263/176 131/236/132 38/111/103
f 22/125/117 130/264/69 129/238/70 20/109/101
f 133/232/161 163/146/134 192/227/160 160/233/162
f 135/234/136 164/148/136 183/190/151 151/235/151
f 131/236/132 162/142/132 191/224/159 159/237/163
f 129/238/70 161/76/70 190/221/158 158/239/158
f 160/233/162 192/227/160 189/218/157 157/240/157
f 159/237/163 191/224/159 188/213/156 156/241/156
f 158/239/158 190/221/158 187/208/155 155/242/155
f 157/240/157 189/218/157 186/203/154 154/243/154
f 156/241/156 188/213/156 185/198/153 153/244/153
f 155/242/155 187/208/155 184/191/152 152/245/152
f 154/243/154 186/203/154 182/187/150 150/246/150
f 153/244/153 185/198/153 181/184/149 149/247/164
f 152/245/152 184/191/152 180/181/148 148/248/165
f 151/235/151 183/190/151 179/180/147 147/249/147
f 150/246/150 182/187/150 178/176/146 146/250/166
f 149/247/164 181/184/149 177/171/145 145/251/145
f 148/248/165 180/181/148 176/168/144 144/252/167
f 147/249/147 179/180/147 175/167/143 143/253/168
f 146/250/166 178/176/146 174/177/142 142/254/169
f 145/251/145 177/171/145 173/161/141 141/255/170
f 144/252/167 176/168/144 172/158/140 140/256/171
f 143/253/168 175/167/143 171/157/139 139/257/172
f 142/258/169 174/164/142 170/154/138 138/259/173
f 141/255/170 173/161/141 169/151/137 137/260/174
f 140/256/171 172/158/140 168/147/135 136/261/135
f 139/257/172 171/157/139 167/145/133 134/262/175
f 138/259/173 170/154/138 166/141/131 132/263/176
f 137/260/174 169/151/137 165/75/69 130/264/69
f 136/261/135 168/147/135 164/148/136 135/234/136
f 134/262/175 167/145/133 163/146/134 133/232/161
f 132/263/176 166/141/131 162/142/132 131/236/132
f 130/264/69 165/75/69 161/76/70 129/238/70
f 879/265/177 911/266/178 912/267/179 880/268/180
f 816/269/181 925/270/182 924/271/183 818/272/184
f 834/273/185 916/274/186 915/275/187 836/276/188
f 852/277/189 907/278/190 906/279/191 854/280/192
f 808/281/193 929/282/194 928/283/195 810/284/196
f 826/285/197 920/286/198 919/287/199 828/288/200
f 844/289/201 911/290/178 910/291/202 846/292/203
f 862/293/204 902/294/205 900/295/206 866/296/207
f 818/272/184 924/271/183 923/297/208 820/298/209
f 836/276/188 915/275/187 914/299/210 838/300/211
f 854/280/192 906/279/191 905/301/212 856/302/213
f 810/284/196 928/283/195 927/303/214 812/304/215
f 828/288/200 919/287/199 918/305/216 830/306/217
f 846/292/203 910/291/202 909/307/218 848/308/219
f 864/309/220 901/310/221 931/311/222 804/312/223
f 866/296/207 900/295/206 901/310/221 864/309/220
f 820/298/209 923/297/208 922/313/224 822/314/225
f 838/300/211 914/299/210 913/315/226 840/316/227
f 856/302/213 905/301/212 904/317/228 858/318/229
f 812/304/215 927/303/214 926/319/230 814/320/231
f 830/306/217 918/305/216 917/321/232 832/322/233
f 848/308/219 909/307/218 908/323/234 850/324/235
f 804/312/223 931/311/222 930/325/236 806/326/237
f 822/314/225 922/313/224 921/327/238 824/328/239
f 840/316/227 913/315/226 912/329/179 842/330/240
f 858/318/229 904/317/228 903/331/241 860/332/242
f 814/320/231 926/319/230 925/270/182 816/269/181
f 832/322/233 917/321/232 916/274/186 834/273/185
f 850/324/235 908/323/234 907/278/190 852/277/189
f 806/326/237 930/325/236 929/282/194 808/281/193
f 829/333/243 827/334/244 879/335/177 880/336/180
f 824/337/239 921/338/238 920/286/198 826/285/197
f 860/332/242 903/331/241 902/294/205 862/293/204
f 968/339/245 846/292/203 848/308/219 964/340/246
f 842/330/240 912/329/179 911/290/178 844/289/201
f 847/341/247 845/342/248 888/343/249 889/344/250
f 865/345/251 863/346/252 897/347/253 898/348/254
f 821/349/255 819/350/256 875/351/257 876/352/258
f 839/353/259 837/354/260 884/355/261 885/356/262
f 857/357/263 855/358/264 893/359/265 894/360/266
f 813/361/267 811/362/268 871/363/269 872/364/270
f 831/365/271 829/333/243 880/336/180 881/366/272
f 849/367/273 847/368/247 889/369/250 890/370/274
f 867/371/275 865/345/251 898/348/254 899/372/276
f 823/373/277 821/349/255 876/352/258 877/374/278
f 841/375/279 839/353/259 885/356/262 886/376/280
f 859/377/281 857/357/263 894/360/266 895/378/282
f 815/379/283 813/361/267 872/364/270 873/380/284
f 833/381/285 831/365/271 881/366/272 882/382/286
f 851/383/287 849/367/273 890/370/274 891/384/288
f 807/385/289 805/386/290 868/387/291 869/388/292
f 805/386/290 867/371/275 899/372/276 868/387/291
f 825/389/293 823/373/277 877/374/278 878/390/294
f 843/391/295 841/375/279 886/376/280 887/392/296
f 861/393/297 859/377/281 895/378/282 896/394/298
f 817/395/299 815/379/283 873/380/284 874/396/300
f 835/397/301 833/381/285 882/382/286 883/398/302
f 853/399/303 851/383/287 891/384/288 892/400/304
f 809/401/305 807/385/289 869/388/292 870/402/306
f 827/334/244 825/389/293 878/390/294 879/335/177
f 845/342/248 843/391/295 887/392/296 888/343/249
f 863/346/252 861/393/297 896/394/298 897/347/253
f 819/350/256 817/395/299 874/396/300 875/351/257
f 837/354/260 835/397/301 883/398/302 884/355/261
f 855/358/264 853/399/303 892/400/304 893/359/265
f 811/362/268 809/401/305 870/402/306 871/363/269
f 880/268/180 912/267/179 913/403/226 881/404/272
f 969/405/307 828/288/200 830/306/217 965/406/308
f 881/404/272 913/403/226 914/407/210 882/408/286
f 970/409/309 810/284/196 812/304/215 966/410/310
f 971/411/311 862/293/204 866/296/207 967/412/312
f 882/408/286 914/407/210 915/413/187 883/414/302
f 972/415/313 844/289/201 846/292/203 968/339/245
f 883/414/302 915/413/187 916/416/186 884/417/261
f 973/418/314 826/285/197 828/288/200 969/405/307
f 884/417/261 916/416/186 917/419/232 885/420/262
f 974/421/315 808/281/193 810/284/196 970/409/309
f 975/422/316 860/332/242 862/293/204 971/411/311
f 885/420/262 917/419/232 918/423/216 886/424/280
f 976/425/317 842/330/240 844/289/201 972/415/313
f 886/424/280 918/423/216 919/426/199 887/427/296
f 977/428/318 824/337/239 826/285/197 973/418/314
f 887/427/296 919/426/199 920/429/198 888/430/249
f 978/431/319 806/326/237 808/281/193 974/421/315
f 979/432/320 858/318/229 860/332/242 975/422/316
f 888/430/249 920/429/198 921/433/238 889/434/250
f 980/435/321 840/316/227 842/330/240 976/425/317
f 889/436/250 921/437/238 922/438/224 890/439/274
f 981/440/322 822/314/225 824/328/239 977/441/318
f 890/439/274 922/438/224 923/442/208 891/443/288
f 982/444/323 804/312/223 806/326/237 978/431/319
f 983/445/324 856/302/213 858/318/229 979/432/320
f 891/443/288 923/442/208 924/446/183 892/447/304
f 984/448/325 838/300/211 840/316/227 980/435/321
f 892/447/304 924/446/183 925/449/182 893/450/265
f 985/451/326 820/298/209 822/314/225 981/440/322
f 893/450/265 925/449/182 926/452/230 894/453/266
f 986/454/327 864/309/220 804/312/223 982/444/323
f 987/455/328 854/280/192 856/302/213 983/445/324
f 894/453/266 926/452/230 927/456/214 895/457/282
f 868/458/291 901/459/221 900/460/206 869/461/292
f 988/462/329 836/276/188 838/300/211 984/448/325
f 895/457/282 927/456/214 928/463/195 896/464/298
f 869/461/292 900/460/206 902/465/205 870/466/306
f 989/467/330 818/272/184 820/298/209 985/451/326
f 896/464/298 928/463/195 929/468/194 897/469/253
f 870/466/306 902/465/205 903/470/241 871/471/269
f 990/472/331 852/277/189 854/280/192 987/455/328
f 897/469/253 929/468/194 930/473/236 898/474/254
f 871/471/269 903/470/241 904/475/228 872/476/270
f 991/477/332 834/273/185 836/276/188 988/462/329
f 898/474/254 930/473/236 931/478/222 899/479/276
f 872/476/270 904/475/228 905/480/212 873/481/284
f 992/482/333 816/269/181 818/272/184 989/467/330
f 899/479/276 931/478/222 901/459/221 868/458/291
f 873/481/284 905/480/212 906/483/191 874/484/300
f 993/485/334 850/324/235 852/277/189 990/472/331
f 874/484/300 906/483/191 907/486/190 875/487/257
f 994/488/335 832/322/233 834/273/185 991/477/332
f 875/487/257 907/486/190 908/489/234 876/490/258
f 995/491/336 814/320/231 816/269/181 992/482/333
f 876/490/258 908/489/234 909/492/218 877/493/278
f 964/340/246 848/308/219 850/324/235 993/485/334
f 877/493/278 909/492/218 910/494/202 878/495/294
f 965/406/308 830/306/217 832/322/233 994/488/335
f 967/412/312 866/296/207 864/309/220 986/454/327
f 878/495/294 910/494/202 911/266/178 879/265/177
f 966/410/310 812/304/215 814/320/231 995/491/336
f 859/377/281 936/496/337 963/497/338 857/357/263
f 807/385/289 938/498/339 954/499/340 805/386/290
f 841/375/279 934/500/341 962/501/342 839/353/259
f 823/373/277 932/502/246 961/503/334 821/349/255
f 857/357/263 963/497/338 960/504/343 855/358/264
f 839/353/259 962/501/342 959/505/344 837/354/260
f 821/349/255 961/503/334 958/506/331 819/350/256
f 855/358/264 960/504/343 957/507/345 853/399/303
f 837/354/260 959/505/344 956/508/329 835/397/301
f 819/350/256 958/506/331 955/509/346 817/395/299
f 853/399/303 957/507/345 953/510/326 851/383/287
f 835/397/301 956/508/329 952/511/347 833/381/285
f 817/395/299 955/509/346 951/512/348 815/379/283
f 805/386/290 954/499/340 950/513/349 867/371/275
f 851/383/287 953/510/326 949/514/350 849/367/273
f 833/381/285 952/511/347 948/515/351 831/365/271
f 815/379/283 951/512/348 947/516/352 813/361/267
f 867/371/275 950/513/349 946/517/353 865/345/251
f 849/367/273 949/514/350 945/518/354 847/368/247
f 831/365/271 948/515/351 944/519/355 829/333/243
f 813/361/267 947/516/352 943/520/356 811/362/268
f 865/345/251 946/517/353 942/521/357 863/346/252
f 847/341/247 945/522/354 941/523/358 845/342/248
f 829/333/243 944/519/355 940/524/359 827/334/244
f 811/362/268 943/520/356 939/525/360 809/401/305
f 863/346/252 942/521/357 937/526/361 861/393/297
f 845/342/248 941/523/358 935/527/362 843/391/295
f 827/334/244 940/524/359 933/528/363 825/389/293
f 809/401/305 939/525/360 938/498/339 807/385/289
f 861/393/297 937/526/361 936/496/337 859/377/281
f 843/391/295 935/527/362 934/500/341 841/375/279
f 825/389/293 933/528/363 932/502/246 823/373/277
f 936/496/337 966/410/310 995/491/336 963/497/338
f 938/498/339 967/412/312 986/454/327 954/499/340
f 934/500/341 965/406/308 994/488/335 962/501/342
f 932/502/246 964/340/246 993/485/334 961/503/334
f 963/497/338 995/491/336 992/482/333 960/504/343
f 962/501/342 994/488/335 991/477/332 959/505/344
f 961/503/334 993/485/334 990/472/331 958/506/331
f 960/504/343 992/482/333 989/467/330 957/507/345
f 959/505/344 991/477/332 988/462/329 956/508/329
f 958/506/331 990/472/331 987/455/328 955/509/346
f 957/507/345 989/467/330 985/451/326 953/510/326
f 956/508/329 988/462/329 984/448/325 952/511/347
f 955/509/346 987/455/328 983/445/324 951/512/348
f 954/499/340 986/454/327 982/444/323 950/513/349
f 953/510/326 985/451/326 981/440/322 949/514/350
f 952/511/347 984/448/325 980/435/321 948/515/351
f 951/512/348 983/445/324 979/432/320 947/516/352
f 950/513/349 982/444/323 978/431/319 946/517/353
f 949/514/350 981/440/322 977/441/318 945/518/354
f 948/515/351 980/435/321 976/425/317 944/519/355
f 947/516/352 979/432/320 975/422/316 943/520/356
f 946/517/353 978/431/319 974/421/315 942/521/357
f 945/522/354 977/428/318 973/418/314 941/523/358
f 944/519/355 976/425/317 972/415/313 940/524/359
f 943/520/356 975/422/316 971/411/311 939/525/360
f 942/521/357 974/421/315 970/409/309 937/526/361
f 941/523/358 973/418/314 969/405/307 935/527/362
f 940/524/359 972/415/313 968/339/245 933/528/363
f 939/525/360 971/411/311 967/412/312 938/498/339
f 937/526/361 970/409/309 966/410/310 936/496/337
f 935/527/362 969/405/307 965/406/308 934/500/341
f 933/528/363 968/339/245 964/340/246 932/502/246
usemtl Material.001
s off
f 996/529/364 997/530/364 999/531/364 998/532/364
f 998/532/365 999/531/365 1001/533/365 1000/534/365
f 1000/534/366 1001/533/366 1003/535/366 1002/536/366
f 1002/536/367 1003/535/367 1005/537/367 1004/538/367
f 1004/538/368 1005/537/368 1007/539/368 1006/540/368
f 1006/540/369 1007/539/369 1009/541/369 1008/542/369
f 1008/542/370 1009/541/370 1011/543/370 1010/544/370
f 1010/544/371 1011/543/371 1013/545/371 1012/546/371
f 1012/546/372 1013/545/372 1015/547/372 1014/548/372
f 1014/548/373 1015/547/373 1017/549/373 1016/550/373
f 1016/550/374 1017/549/374 1019/551/374 1018/552/374
f 1018/552/375 1019/551/375 997/530/375 996/529/375
f 996/529/376 998/532/376 1016/550/376 1018/552/376
f 999/531/377 997/530/377 1019/551/377 1017/549/377
f 1001/533/377 999/531/377 1017/549/377 1015/547/377
f 1003/535/377 1001/533/377 1015/547/377 1013/545/377
f 1005/537/377 1003/535/377 1013/545/377 1011/543/377
f 1007/539/377 1005/537/377 1011/543/377 1009/541/377
f 998/532/376 1000/534/376 1014/548/376 1016/550/376
f 1000/534/376 1002/536/376 1012/546/376 1014/548/376
f 1002/536/376 1004/538/376 1010/544/376 1012/546/376
f 1004/538/376 1006/540/376 1008/542/376 1010/544/376
f 1020/553/378 1021/554/378 1023/555/378 1022/556/378
f 1022/556/379 1023/555/379 1025/557/379 1024/558/379
f 1024/558/380 1025/557/380 1027/559/380 1026/560/380
f 1026/560/381 1027/559/381 1029/561/381 1028/562/381
f 1028/562/382 1029/561/382 1031/563/382 1030/564/382
f 1030/564/383 1031/563/383 1033/565/383 1032/566/383
f 1032/566/384 1033/565/384 1035/567/384 1034/568/384
f 1034/568/385 1035/567/385 1037/569/385 1036/570/385
f 1036/570/386 1037/569/386 1039/571/386 1038/572/386
f 1038/572/387 1039/571/387 1041/573/387 1040/574/387
f 1040/574/388 1041/573/388 1043/575/388 1042/576/388
f 1042/576/389 1043/575/389 1021/554/389 1020/553/389
f 1020/553/390 1022/556/390 1040/574/390 1042/576/390
f 1023/555/391 1021/554/391 1043/575/391 1041/573/391
f 1025/557/391 1023/555/391 1041/573/391 1039/571/391
f 1027/559/391 1025/557/391 1039/571/391 1037/569/391
f 1029/561/391 1027/559/391 1037/569/391 1035/567/391
f 1031/563/391 1029/561/391 1035/567/391 1033/565/391
f 1022/556/390 1024/558/390 1038/572/390 1040/574/390
f 1024/558/390 1026/560/390 1036/570/390 1038/572/390
f 1026/560/390 1028/562/390 1034/568/390 1036/570/390
f 1028/562/390 1030/564/390 1032/566/390 1034/568/390
s 1
f 265/577/392 497/578/393 499/579/394 266/580/395
f 205/581/396 314/582/397 313/583/398 207/584/399
f 780/585/400 778/586/401 304/587/402 225/588/403
f 702/589/404 701/590/405 295/591/406 243/592/407
f 662/593/408 661/594/409 317/595/410 199/596/411
f 754/597/412 752/598/413 308/599/414 217/600/415
f 233/601/416 300/602/417 299/603/418 235/604/419
f 251/605/420 291/606/421 289/607/422 255/608/423
f 675/609/424 674/610/425 312/611/426 209/612/427
f 793/613/428 791/614/429 303/615/430 227/616/431
f 243/592/407 295/591/406 294/617/432 245/618/433
f 199/619/411 317/620/410 316/621/434 201/622/435
f 217/600/415 308/599/414 307/623/436 219/624/437
f 715/625/438 714/626/439 298/627/440 237/628/441
f 636/629/442 635/630/443 320/631/444 193/632/445
f 255/608/423 289/607/422 290/633/446 253/634/447
f 209/612/427 312/611/426 311/635/448 211/636/449
f 227/616/431 303/615/430 302/637/450 229/638/451
f 245/618/433 294/617/432 293/639/452 247/640/453
f 201/622/435 316/621/434 315/641/454 203/642/455
f 767/643/456 765/644/457 306/645/458 221/646/459
f 237/628/441 298/627/440 297/647/460 239/648/461
f 649/649/462 648/650/463 319/651/464 195/652/465
f 740/653/466 739/654/467 310/655/468 213/656/469
f 728/657/470 726/658/471 301/659/472 231/660/473
f 611/661/474 610/662/475 292/663/476 249/664/477
f 688/665/478 687/666/479 314/582/397 205/581/396
f 221/646/459 306/645/458 305/667/480 223/668/481
f 239/648/461 297/647/460 296/669/482 241/670/483
f 195/652/465 319/651/464 318/671/484 197/672/485
f 218/673/486 216/674/487 268/675/488 269/676/489
f 213/656/469 310/655/468 309/677/490 215/678/491
f 624/679/492 623/680/493 291/606/421 251/605/420
f 721/681/494 715/682/438 237/683/441 418/684/495
f 231/660/473 301/659/472 300/602/417 233/601/416
f 236/685/496 234/686/497 277/687/498 278/688/499
f 254/689/500 252/690/501 286/691/502 287/692/503
f 210/693/504 208/694/505 264/695/506 265/577/392
f 228/696/507 226/697/508 273/698/509 274/699/510
f 689/700/511 244/701/512 282/702/513 690/703/514
f 609/704/515 200/705/516 260/706/517 612/707/518
f 727/708/519 218/673/486 269/676/489 729/709/520
f 741/710/521 236/685/496 278/688/499 742/711/522
f 650/712/523 254/689/500 287/692/503 651/713/524
f 212/714/525 210/693/504 265/577/392 266/580/395
f 766/715/526 228/696/507 274/699/510 768/716/527
f 248/717/528 246/718/529 283/719/530 284/720/531
f 204/721/532 202/722/533 261/723/534 262/724/535
f 222/725/536 220/726/537 270/727/538 271/728/539
f 240/729/540 238/730/541 279/731/542 280/732/543
f 196/733/544 194/734/545 257/735/546 258/736/547
f 637/737/548 256/738/549 288/739/550 638/740/551
f 713/741/552 212/714/525 266/580/395 716/742/553
f 232/743/554 230/744/555 275/745/556 276/746/557
f 250/747/558 248/717/528 284/720/531 285/748/559
f 206/749/560 204/721/532 262/724/535 263/750/561
f 792/751/562 222/725/536 271/728/539 794/752/563
f 676/753/564 240/729/540 280/732/543 677/754/565
f 198/755/566 196/733/544 258/736/547 259/756/567
f 216/674/487 214/757/568 267/758/569 268/675/488
f 753/759/570 232/743/554 276/746/557 755/760/571
f 663/761/572 250/762/558 285/763/559 664/764/573
f 700/765/574 206/749/560 263/750/561 703/766/575
f 779/767/576 224/768/577 272/769/578 781/770/579
f 244/701/512 242/771/580 281/772/581 282/702/513
f 622/773/582 198/755/566 259/756/567 625/774/583
f 778/586/401 789/775/584 575/776/585 304/587/402
f 427/777/586 217/778/415 219/779/437 420/780/587
f 298/627/440 563/781/588 561/782/589 297/647/460
f 429/783/590 199/784/411 201/785/435 422/786/591
f 431/787/592 251/788/420 255/789/423 424/790/593
f 701/590/405 711/791/594 557/792/595 295/591/406
f 433/793/596 233/794/416 235/795/419 425/796/597
f 623/680/493 633/797/598 549/798/599 291/606/421
f 760/799/600 754/800/412 217/778/415 427/777/586
f 787/801/601 790/802/602 578/803/603 514/804/604
f 669/805/605 662/806/408 199/807/411 429/808/590
f 630/809/606 624/810/492 251/788/420 431/787/592
f 295/591/406 557/792/595 555/811/607 294/617/432
f 441/812/608 231/813/473 233/794/416 433/793/596
f 443/814/609 213/815/469 215/816/491 435/817/610
f 514/804/604 578/803/603 580/818/611 516/819/612
f 445/820/613 195/821/465 197/822/485 437/823/614
f 617/824/615 611/825/474 249/826/477 439/827/616
f 294/617/432 555/811/607 553/828/617 293/639/452
f 734/829/618 728/830/470 231/813/473 441/812/608
f 648/650/463 659/831/619 605/832/620 319/651/464
f 747/833/621 740/834/466 213/815/469 443/814/609
f 610/662/475 620/835/622 551/836/623 292/663/476
f 656/837/624 649/838/462 195/821/465 445/820/613
f 455/839/625 245/840/433 247/841/453 447/842/626
f 319/651/464 605/832/620 604/843/627 318/671/484
f 457/844/628 227/845/431 229/846/451 449/847/629
f 774/848/630 777/849/631 582/850/632 518/851/633
f 459/852/634 209/853/427 211/854/449 451/855/635
f 635/630/443 646/856/636 607/857/637 320/631/444
f 643/858/638 636/859/442 193/860/445 453/861/639
f 463/862/640 243/863/407 245/840/433 455/839/625
f 289/607/422 545/864/641 548/865/642 290/633/446
f 661/594/409 672/866/643 601/867/644 317/595/410
f 799/868/645 793/869/428 227/845/431 457/844/628
f 518/851/633 582/850/632 584/870/646 520/871/647
f 484/872/648 546/873/649 550/874/650 486/875/651
f 682/876/652 675/877/424 209/853/427 459/852/634
f 317/620/410 601/878/644 599/879/653 316/621/434
f 481/880/654 547/881/655 546/873/649 484/872/648
f 708/882/656 702/883/404 243/863/407 463/862/640
f 316/621/434 599/879/653 597/884/657 315/641/454
f 761/885/658 764/886/659 586/887/660 522/888/661
f 786/889/662 780/890/400 225/891/403 465/892/663
f 631/893/664 634/894/665 552/895/666 488/896/667
f 540/897/668 603/898/669 606/899/670 542/900/671
f 473/901/672 205/902/396 207/903/399 467/904/673
f 687/666/479 698/905/674 595/906/675 314/582/397
f 522/888/661 586/887/660 588/907/676 524/908/677
f 475/909/678 239/910/461 241/911/483 469/912/679
f 314/582/397 595/906/675 593/913/680 313/583/398
f 477/914/681 221/915/459 223/916/481 471/917/682
f 618/918/683 621/919/684 554/920/685 490/921/686
f 695/922/687 688/923/478 205/902/396 473/901/672
f 674/610/425 685/924/688 591/925/689 312/611/426
f 418/684/495 237/683/441 239/910/461 475/909/678
f 748/926/690 751/927/691 590/928/692 526/929/693
f 773/930/694 767/931/456 221/915/459 477/914/681
f 424/790/593 255/789/423 253/932/447 461/933/695
f 490/921/686 554/920/685 556/934/696 492/935/697
f 422/786/591 201/785/435 203/936/455 479/937/698
f 414/938/699 325/939/700 352/940/701 407/941/702
f 416/942/703 327/943/704 343/944/705 389/945/706
f 771/946/707 769/947/708 351/948/709 405/949/710
f 410/950/711 321/951/712 350/952/713 403/953/714
f 693/954/715 691/955/716 349/956/717 401/957/718
f 405/949/710 351/948/709 348/958/719 399/959/720
f 403/953/714 350/952/713 347/960/721 397/961/722
f 401/957/718 349/956/717 346/962/723 395/963/724
f 784/964/725 782/965/726 345/966/727 393/967/728
f 706/968/729 704/969/730 344/970/731 391/971/732
f 680/972/733 678/973/734 342/974/735 387/975/736
f 797/976/737 795/977/738 341/978/739 385/979/740
f 391/971/732 344/970/731 340/980/741 383/981/742
f 641/982/743 639/983/744 339/984/745 381/985/746
f 387/975/736 342/974/735 338/986/747 379/987/748
f 385/979/740 341/978/739 337/988/749 377/989/750
f 383/981/742 340/980/741 336/990/751 375/991/752
f 654/992/753 652/993/754 335/994/755 373/995/756
f 745/996/757 743/997/758 334/998/759 371/999/760
f 732/1000/761 730/1001/762 333/1002/763 369/1003/764
f 615/1004/765 613/1005/766 332/1006/767 367/1007/768
f 373/995/756 335/994/755 331/1008/769 365/1009/770
f 371/999/760 334/998/759 330/1010/771 363/1011/772
f 369/1003/764 333/1002/763 329/1012/773 361/1013/774
f 628/1014/775 626/1015/776 328/1016/777 359/1017/778
f 667/1018/779 665/1019/780 326/1020/781 357/1021/782
f 758/1022/783 756/1023/784 324/1024/785 355/1025/786
f 361/1013/774 329/1012/773 322/1026/787 353/1027/788
f 359/1017/778 328/1016/777 327/943/704 416/942/703
f 357/1028/782 326/1029/781 325/939/700 414/938/699
f 355/1025/786 324/1024/785 323/1030/789 412/1031/790
f 719/1032/791 717/1033/792 321/951/712 410/950/711
f 713/1034/552 718/1035/793 409/1036/794 212/1037/525
f 718/1035/793 719/1032/791 410/950/711 409/1036/794
f 232/1038/554 356/1039/795 411/1040/796 230/1041/555
f 356/1039/795 355/1025/786 412/1031/790 411/1040/796
f 250/1042/558 358/1043/797 413/1044/798 248/1045/528
f 358/1043/797 357/1028/782 414/938/699 413/1044/798
f 198/1046/566 360/1047/799 415/1048/800 196/1049/544
f 360/1047/799 359/1017/778 416/942/703 415/1048/800
f 216/1050/487 362/1051/801 354/1052/802 214/1053/568
f 362/1051/801 361/1013/774 353/1027/788 354/1052/802
f 753/1054/570 757/1055/803 356/1039/795 232/1038/554
f 757/1055/803 758/1022/783 355/1025/786 356/1039/795
f 663/1056/572 666/1057/804 358/1058/797 250/1059/558
f 666/1057/804 667/1018/779 357/1021/782 358/1058/797
f 622/1060/582 627/1061/805 360/1047/799 198/1046/566
f 627/1061/805 628/1014/775 359/1017/778 360/1047/799
f 218/1062/486 370/1063/806 362/1051/801 216/1050/487
f 370/1063/806 369/1003/764 361/1013/774 362/1051/801
f 236/1064/496 372/1065/807 364/1066/808 234/1067/497
f 372/1065/807 371/999/760 363/1011/772 364/1066/808
f 254/1068/500 374/1069/809 366/1070/810 252/1071/501
f 374/1069/809 373/995/756 365/1009/770 366/1070/810
f 609/1072/515 614/1073/811 368/1074/812 200/1075/516
f 614/1073/811 615/1004/765 367/1007/768 368/1074/812
f 727/1076/519 731/1077/813 370/1063/806 218/1062/486
f 731/1077/813 732/1000/761 369/1003/764 370/1063/806
f 741/1078/521 744/1079/814 372/1065/807 236/1064/496
f 744/1079/814 745/996/757 371/999/760 372/1065/807
f 650/1080/523 653/1081/815 374/1069/809 254/1068/500
f 653/1081/815 654/992/753 373/995/756 374/1069/809
f 204/1082/532 384/1083/816 376/1084/817 202/1085/533
f 384/1083/816 383/981/742 375/991/752 376/1084/817
f 222/1086/536 386/1087/818 378/1088/819 220/1089/537
f 386/1087/818 385/979/740 377/989/750 378/1088/819
f 240/1090/540 388/1091/820 380/1092/821 238/1093/541
f 388/1091/820 387/975/736 379/987/748 380/1092/821
f 637/1094/548 640/1095/822 382/1096/823 256/1097/549
f 640/1095/822 641/982/743 381/985/746 382/1096/823
f 206/1098/560 392/1099/824 384/1083/816 204/1082/532
f 392/1099/824 391/971/732 383/981/742 384/1083/816
f 792/1100/562 796/1101/825 386/1087/818 222/1086/536
f 796/1101/825 797/976/737 385/979/740 386/1087/818
f 676/1102/564 679/1103/826 388/1091/820 240/1090/540
f 679/1103/826 680/972/733 387/975/736 388/1091/820
f 700/1104/574 705/1105/827 392/1099/824 206/1098/560
f 705/1105/827 706/968/729 391/971/732 392/1099/824
f 779/1106/576 783/1107/828 394/1108/829 224/1109/577
f 783/1107/828 784/964/725 393/967/728 394/1108/829
f 244/1110/512 402/1111/830 396/1112/831 242/1113/580
f 402/1111/830 401/957/718 395/963/724 396/1112/831
f 210/1114/504 404/1115/832 398/1116/833 208/1117/505
f 404/1115/832 403/953/714 397/961/722 398/1116/833
f 228/1118/507 406/1119/834 400/1120/835 226/1121/508
f 406/1119/834 405/949/710 399/959/720 400/1120/835
f 689/1122/511 692/1123/836 402/1111/830 244/1110/512
f 692/1123/836 693/954/715 401/957/718 402/1111/830
f 212/1037/525 409/1036/794 404/1115/832 210/1114/504
f 409/1036/794 410/950/711 403/953/714 404/1115/832
f 766/1124/526 770/1125/837 406/1119/834 228/1118/507
f 770/1125/837 771/946/707 405/949/710 406/1119/834
f 196/1049/544 415/1048/800 390/1126/838 194/1127/545
f 415/1048/800 416/942/703 389/945/706 390/1126/838
f 248/1045/528 413/1044/798 408/1128/839 246/1129/529
f 413/1044/798 414/938/699 407/941/702 408/1128/839
f 325/939/700 421/1130/840 480/1131/841 352/940/701
f 421/1130/840 422/786/591 479/937/698 480/1131/841
f 327/943/704 423/1132/842 462/1133/843 343/944/705
f 423/1132/842 424/790/593 461/933/695 462/1133/843
f 769/947/708 772/1134/844 478/1135/845 351/948/709
f 772/1134/844 773/930/694 477/914/681 478/1135/845
f 321/951/712 417/1136/846 476/1137/847 350/952/713
f 417/1136/846 418/684/495 475/909/678 476/1137/847
f 691/955/716 694/1138/848 474/1139/849 349/956/717
f 694/1138/848 695/922/687 473/901/672 474/1139/849
f 351/948/709 478/1135/845 472/1140/850 348/958/719
f 478/1135/845 477/914/681 471/917/682 472/1140/850
f 350/952/713 476/1137/847 470/1141/851 347/960/721
f 476/1137/847 475/909/678 469/912/679 470/1141/851
f 349/956/717 474/1139/849 468/1142/852 346/962/723
f 474/1139/849 473/901/672 467/904/673 468/1142/852
f 782/965/726 785/1143/853 466/1144/854 345/966/727
f 785/1143/853 786/889/662 465/892/663 466/1144/854
f 704/969/730 707/1145/855 464/1146/856 344/970/731
f 707/1145/855 708/882/656 463/862/640 464/1146/856
f 678/973/734 681/1147/857 460/1148/858 342/974/735
f 681/1147/857 682/876/652 459/852/634 460/1148/858
f 795/977/738 798/1149/859 458/1150/860 341/978/739
f 798/1149/859 799/868/645 457/844/628 458/1150/860
f 344/970/731 464/1146/856 456/1151/861 340/980/741
f 464/1146/856 463/862/640 455/839/625 456/1151/861
f 639/983/744 642/1152/862 454/1153/863 339/984/745
f 642/1152/862 643/858/638 453/861/639 454/1153/863
f 342/974/735 460/1148/858 452/1154/864 338/986/747
f 460/1148/858 459/852/634 451/855/635 452/1154/864
f 341/978/739 458/1150/860 450/1155/865 337/988/749
f 458/1150/860 457/844/628 449/847/629 450/1155/865
f 340/980/741 456/1151/861 448/1156/866 336/990/751
f 456/1151/861 455/839/625 447/842/626 448/1156/866
f 652/993/754 655/1157/867 446/1158/868 335/994/755
f 655/1157/867 656/837/624 445/820/613 446/1158/868
f 743/997/758 746/1159/869 444/1160/870 334/998/759
f 746/1159/869 747/833/621 443/814/609 444/1160/870
f 730/1001/762 733/1161/871 442/1162/872 333/1002/763
f 733/1161/871 734/829/618 441/812/608 442/1162/872
f 613/1005/766 616/1163/873 440/1164/874 332/1006/767
f 616/1163/873 617/824/615 439/827/616 440/1164/874
f 335/994/755 446/1158/868 438/1165/875 331/1008/769
f 446/1158/868 445/820/613 437/823/614 438/1165/875
f 334/998/759 444/1160/870 436/1166/876 330/1010/771
f 444/1160/870 443/814/609 435/817/610 436/1166/876
f 333/1002/763 442/1162/872 434/1167/877 329/1012/773
f 442/1162/872 441/812/608 433/793/596 434/1167/877
f 626/1015/776 629/1168/878 432/1169/879 328/1016/777
f 629/1168/878 630/809/606 431/787/592 432/1169/879
f 665/1019/780 668/1170/880 430/1171/881 326/1020/781
f 668/1170/880 669/805/605 429/808/590 430/1171/881
f 756/1023/784 759/1172/882 428/1173/883 324/1024/785
f 759/1172/882 760/799/600 427/777/586 428/1173/883
f 329/1012/773 434/1167/877 426/1174/884 322/1026/787
f 434/1167/877 433/793/596 425/796/597 426/1174/884
f 328/1016/777 432/1169/879 423/1132/842 327/943/704
f 432/1169/879 431/787/592 424/790/593 423/1132/842
f 326/1029/781 430/1175/881 421/1130/840 325/939/700
f 430/1175/881 429/783/590 422/786/591 421/1130/840
f 324/1024/785 428/1173/883 419/1176/885 323/1030/789
f 428/1173/883 427/777/586 420/780/587 419/1176/885
f 717/1033/792 720/1177/886 417/1136/846 321/951/712
f 720/1177/886 721/681/494 418/684/495 417/1136/846
f 729/709/520 736/1178/887 507/1179/888 270/727/538
f 270/727/538 507/1179/888 509/1180/889 271/728/539
f 794/752/563 801/1181/890 511/1182/891 272/769/578
f 781/770/579 788/1183/892 513/1184/893 273/698/509
f 273/698/509 513/1184/893 515/1185/894 274/699/510
f 768/716/527 775/1186/895 517/1187/896 275/745/556
f 275/745/556 517/1187/896 519/1188/897 276/746/557
f 755/760/571 762/1189/898 521/1190/899 277/687/498
f 277/687/498 521/1190/899 523/1191/900 278/688/499
f 742/711/522 749/1192/901 525/1193/902 279/731/542
f 279/731/542 525/1193/902 527/1194/903 280/732/543
f 677/754/565 684/1195/904 529/1196/905 281/772/581
f 281/772/581 529/1196/905 531/1197/906 282/702/513
f 690/703/514 697/1198/907 533/1199/908 283/719/530
f 283/719/530 533/1199/908 535/1200/909 284/720/531
f 284/720/531 535/1200/909 537/1201/910 285/748/559
f 638/740/551 645/1202/911 482/1203/912 257/735/546
f 664/764/573 671/1204/913 539/1205/914 286/691/502
f 625/774/583 632/1206/915 487/1207/916 260/706/517
f 286/691/502 539/1205/914 541/1208/917 287/692/503
f 612/707/518 619/1209/918 489/1210/919 261/723/534
f 651/713/524 658/1211/920 543/1212/921 288/739/550
f 261/723/534 489/1210/919 491/1213/922 262/724/535
f 262/724/535 491/1213/922 493/1214/923 263/750/561
f 258/736/547 483/1215/924 485/1216/925 259/756/567
f 297/647/460 561/782/589 559/1217/926 296/669/482
f 703/766/575 710/1218/927 495/1219/928 264/695/506
f 264/695/506 495/1219/928 497/578/393 265/577/392
f 716/742/553 723/1220/929 501/1221/930 267/758/569
f 267/758/569 501/1221/930 503/1222/931 268/675/488
f 268/675/488 503/1222/931 505/1223/932 269/676/489
f 800/1224/933 803/1225/934 576/1226/935 512/1227/936
f 714/626/439 724/1228/937 563/781/588 298/627/440
f 644/1229/938 647/1230/939 547/881/655 481/880/654
f 300/602/417 567/1231/940 565/1232/941 299/603/418
f 508/1233/942 572/1234/943 574/1235/944 510/1236/945
f 504/1237/946 568/1238/947 570/1239/948 506/1240/949
f 735/1241/950 738/1242/951 572/1234/943 508/1233/942
f 657/1243/952 660/1244/953 608/1245/954 544/1246/955
f 301/659/472 569/1247/956 567/1231/940 300/602/417
f 670/1248/957 673/1249/958 603/898/669 540/897/668
f 726/658/471 737/1250/959 569/1247/956 301/659/472
f 502/1251/960 566/1252/961 568/1238/947 504/1237/946
f 536/1253/962 600/1254/963 602/1255/964 538/1256/965
f 303/615/430 573/1257/966 571/1258/967 302/637/450
f 722/1259/968 725/1260/969 566/1252/961 502/1251/960
f 791/614/429 802/1261/970 573/1257/966 303/615/430
f 534/1262/971 598/1263/972 600/1254/963 536/1253/962
f 306/645/458 579/1264/973 577/1265/974 305/667/480
f 498/1266/975 562/1267/976 564/1268/977 500/1269/978
f 696/1270/979 699/1271/980 598/1263/972 534/1262/971
f 765/644/457 776/1272/981 579/1264/973 306/645/458
f 496/1273/982 560/1274/983 562/1267/976 498/1266/975
f 308/599/414 583/1275/984 581/1276/985 307/623/436
f 530/1277/986 594/1278/987 596/1279/988 532/1280/989
f 752/598/413 763/1281/990 583/1275/984 308/599/414
f 709/1282/991 712/1283/992 560/1274/983 496/1273/982
f 683/1284/993 686/1285/994 594/1278/987 530/1277/986
f 310/655/468 587/1286/995 585/1287/996 309/677/490
f 492/935/697 556/934/696 558/1288/997 494/1289/998
f 739/654/467 750/1290/999 587/1286/995 310/655/468
f 526/929/693 590/928/692 592/1291/1000 528/1292/1001
f 312/611/426 591/925/689 589/1293/1002 311/635/448
f 484/872/648 483/1215/924 482/1203/912 481/880/654
f 486/875/651 485/1216/925 483/1215/924 484/872/648
f 631/893/664 632/1206/915 485/1216/925
f 619/1209/918 487/1207/916 488/896/667
f 492/935/697 491/1213/922 489/1210/919 490/921/686
f 494/1289/998 493/1214/923 491/1213/922 492/935/697
f 709/1282/991 710/1218/927 493/1214/923
f 498/1266/975 497/578/393 495/1219/928 496/1273/982
f 500/1269/978 499/579/394 497/578/393 498/1266/975
f 722/1259/968 723/1220/929 499/579/394 500/1269/978
f 504/1237/946 503/1222/931 501/1221/930 502/1251/960
f 506/1240/949 505/1223/932 503/1222/931 504/1237/946
f 735/1241/950 736/1178/887 505/1223/932 506/1240/949
f 510/1236/945 509/1180/889 507/1179/888 508/1233/942
f 800/1224/933 801/1181/890 509/1180/889 510/1236/945
f 787/801/601 788/1183/892 511/1182/891 512/1227/936
f 516/819/612 515/1185/894 513/1184/893 514/804/604
f 774/848/630 775/1186/895 515/1185/894 516/819/612
f 520/871/647 519/1188/897 517/1187/896 518/851/633
f 761/885/658 762/1189/898 519/1188/897 520/871/647
f 524/908/677 523/1191/900 521/1190/899 522/888/661
f 748/926/690 749/1192/901 523/1191/900 524/908/677
f 528/1292/1001 527/1194/903 525/1193/902 526/929/693
f 683/1284/993 684/1195/904 527/1194/903 528/1292/1001
f 532/1280/989 531/1197/906 529/1196/905 530/1277/986
f 696/1270/979 697/1198/907 531/1197/906 532/1280/989
f 536/1253/962 535/1200/909 533/1199/908 534/1262/971
f 538/1256/965 537/1201/910 535/1200/909 536/1253/962
f 670/1248/957 671/1204/913 537/1294/910 538/1295/965
f 542/900/671 541/1208/917 539/1205/914 540/897/668
f 657/1243/952 658/1211/920 541/1208/917 542/900/671
f 644/1229/938 645/1202/911 543/1212/921
f 257/735/546 482/1203/912 483/1215/924 258/736/547
f 646/856/636 647/1230/939 608/1245/954 607/857/637
f 659/831/619 660/1244/953 606/899/670 605/832/620
f 672/866/643 673/1249/958 602/1296/964 601/867/644
f 601/878/644 602/1255/964 600/1254/963 599/879/653
f 599/879/653 600/1254/963 598/1263/972 597/884/657
f 698/905/674 699/1271/980 596/1279/988 595/906/675
f 595/906/675 596/1279/988 594/1278/987 593/913/680
f 685/924/688 686/1285/994 592/1291/1000 591/925/689
f 591/925/689 592/1291/1000 590/928/692 589/1293/1002
f 750/1290/999 751/927/691 588/907/676 587/1286/995
f 587/1286/995 588/907/676 586/887/660 585/1287/996
f 763/1281/990 764/886/659 584/870/646 583/1275/984
f 583/1275/984 584/870/646 582/850/632 581/1276/985
f 776/1272/981 777/849/631 580/818/611 579/1264/973
f 579/1264/973 580/818/611 578/803/603 577/1265/974
f 789/775/584 790/802/602 576/1226/935 575/776/585
f 802/1261/970 803/1225/934 574/1235/944 573/1257/966
f 573/1257/966 574/1235/944 572/1234/943 571/1258/967
f 737/1250/959 738/1242/951 570/1239/948 569/1247/956
f 569/1247/956 570/1239/948 568/1238/947 567/1231/940
f 567/1231/940 568/1238/947 566/1252/961 565/1232/941
f 724/1228/937 725/1260/969 564/1268/977 563/781/588
f 563/781/588 564/1268/977 562/1267/976 561/782/589
f 561/782/589 562/1267/976 560/1274/983 559/1217/926
f 711/791/594 712/1283/992 558/1288/997 557/792/595
f 557/792/595 558/1288/997 556/934/696 555/811/607
f 555/811/607 556/934/696 554/920/685 553/828/617
f 620/835/622 621/919/684 552/895/666 551/836/623
f 633/797/598 634/894/665 550/874/650 549/798/599
f 549/798/599 550/874/650 546/873/649 545/864/641
f 545/864/641 546/873/649 547/881/655 548/865/642
f 605/832/620 606/899/670 603/898/669 604/843/627
f 291/606/421 549/798/599 545/864/641 289/607/422
f 553/828/617 554/920/685 621/919/684 620/835/622
f 490/921/686 489/1210/919 619/1209/918
f 260/706/517 487/1207/916 619/1209/918 612/707/518
f 448/1156/866 447/842/626 617/824/615 616/1163/873
f 336/990/751 448/1156/866 616/1163/873 613/1005/766
f 376/1084/817 375/991/752 615/1004/765 614/1073/811
f 202/1085/533 376/1084/817 614/1073/811 609/1072/515
f 375/991/752 336/990/751 613/1005/766 615/1004/765
f 488/896/667 552/895/666 621/919/684 618/918/683
f 293/639/452 553/828/617 620/835/622 610/662/475
f 447/842/626 247/841/453 611/825/474 617/824/615
f 202/722/533 609/704/515 612/707/518 261/723/534
f 247/640/453 293/639/452 610/662/475 611/661/474
f 551/836/623 552/895/666 634/894/665 633/797/598
f 488/896/667 487/1207/916 632/1206/915
f 259/756/567 485/1216/925 632/1206/915 625/774/583
f 440/1164/874 439/827/616 630/809/606 629/1168/878
f 332/1006/767 440/1164/874 629/1168/878 626/1015/776
f 368/1074/812 367/1007/768 628/1014/775 627/1061/805
f 200/1075/516 368/1074/812 627/1061/805 622/1060/582
f 367/1007/768 332/1006/767 626/1015/776 628/1014/775
f 486/875/651 550/874/650 634/894/665 631/893/664
f 439/827/616 249/826/477 624/810/492 630/809/606
f 292/663/476 551/836/623 633/797/598 623/680/493
f 200/705/516 622/773/582 625/774/583 260/706/517
f 249/664/477 292/663/476 623/680/493 624/679/492
f 548/865/642 547/881/655 647/1230/939 646/856/636
f 481/880/654 482/1203/912 645/1202/911 644/1229/938
f 544/1246/955 608/1245/954 647/1230/939 644/1229/938
f 288/739/550 543/1212/921 645/1202/911 638/740/551
f 462/1133/843 461/933/695 643/858/638 642/1152/862
f 343/944/705 462/1133/843 642/1152/862 639/983/744
f 390/1126/838 389/945/706 641/982/743 640/1095/822
f 194/1127/545 390/1126/838 640/1095/822 637/1094/548
f 389/945/706 343/944/705 639/983/744 641/982/743
f 461/933/695 253/932/447 636/859/442 643/858/638
f 290/633/446 548/865/642 646/856/636 635/630/443
f 194/734/545 637/737/548 638/740/551 257/735/546
f 253/634/447 290/633/446 635/630/443 636/629/442
f 607/857/637 608/1245/954 660/1244/953 659/831/619
f 544/1246/955 543/1212/921 658/1211/920 657/1243/952
f 542/900/671 606/899/670 660/1244/953 657/1243/952
f 287/692/503 541/1208/917 658/1211/920 651/713/524
f 454/1153/863 453/861/639 656/837/624 655/1157/867
f 339/984/745 454/1153/863 655/1157/867 652/993/754
f 382/1096/823 381/985/746 654/992/753 653/1081/815
f 256/1097/549 382/1096/823 653/1081/815 650/1080/523
f 381/985/746 339/984/745 652/993/754 654/992/753
f 453/861/639 193/860/445 649/838/462 656/837/624
f 320/631/444 607/857/637 659/831/619 648/650/463
f 256/738/549 650/712/523 651/713/524 288/739/550
f 193/632/445 320/631/444 648/650/463 649/649/462
f 604/843/627 603/898/669 673/1249/958 672/866/643
f 540/897/668 539/1205/914 671/1204/913 670/1248/957
f 538/1295/965 602/1296/964 673/1249/958 670/1248/957
f 285/763/559 537/1294/910 671/1204/913 664/764/573
f 438/1165/875 437/823/614 669/805/605 668/1170/880
f 331/1008/769 438/1165/875 668/1170/880 665/1019/780
f 366/1070/810 365/1009/770 667/1018/779 666/1057/804
f 252/1071/501 366/1070/810 666/1057/804 663/1056/572
f 365/1009/770 331/1008/769 665/1019/780 667/1018/779
f 318/671/484 604/843/627 672/866/643 661/594/409
f 437/823/614 197/822/485 662/806/408 669/805/605
f 252/690/501 663/761/572 664/764/573 286/691/502
f 197/672/485 318/671/484 661/594/409 662/593/408
f 593/913/680 594/1278/987 686/1285/994 685/924/688
f 530/1277/986 529/1196/905 684/1195/904 683/1284/993
f 528/1292/1001 592/1291/1000 686/1285/994 683/1284/993
f 280/732/543 527/1194/903 684/1195/904 677/754/565
f 468/1142/852 467/904/673 682/876/652 681/1147/857
f 346/962/723 468/1142/852 681/1147/857 678/973/734
f 396/1112/831 395/963/724 680/972/733 679/1103/826
f 242/1113/580 396/1112/831 679/1103/826 676/1102/564
f 395/963/724 346/962/723 678/973/734 680/972/733
f 313/583/398 593/913/680 685/924/688 674/610/425
f 467/904/673 207/903/399 675/877/424 682/876/652
f 242/771/580 676/753/564 677/754/565 281/772/581
f 207/584/399 313/583/398 674/610/425 675/609/424
f 597/884/657 598/1263/972 699/1271/980 698/905/674
f 534/1262/971 533/1199/908 697/1198/907 696/1270/979
f 532/1280/989 596/1279/988 699/1271/980 696/1270/979
f 282/702/513 531/1197/906 697/1198/907 690/703/514
f 480/1131/841 479/937/698 695/922/687 694/1138/848
f 352/940/701 480/1131/841 694/1138/848 691/955/716
f 408/1128/839 407/941/702 693/954/715 692/1123/836
f 246/1129/529 408/1128/839 692/1123/836 689/1122/511
f 407/941/702 352/940/701 691/955/716 693/954/715
f 479/937/698 203/936/455 688/923/478 695/922/687
f 315/641/454 597/884/657 698/905/674 687/666/479
f 246/718/529 689/700/511 690/703/514 283/719/530
f 203/642/455 315/641/454 687/666/479 688/665/478
f 559/1217/926 560/1274/983 712/1283/992 711/791/594
f 496/1273/982 495/1219/928 710/1218/927
f 494/1289/998 558/1288/997 712/1283/992 709/1282/991
f 263/750/561 493/1214/923 710/1218/927 703/766/575
f 470/1141/851 469/912/679 708/882/656 707/1145/855
f 347/960/721 470/1141/851 707/1145/855 704/969/730
f 398/1116/833 397/961/722 706/968/729 705/1105/827
f 208/1117/505 398/1116/833 705/1105/827 700/1104/574
f 397/961/722 347/960/721 704/969/730 706/968/729
f 469/912/679 241/911/483 702/883/404 708/882/656
f 296/669/482 559/1217/926 711/791/594 701/590/405
f 208/694/505 700/765/574 703/766/575 264/695/506
f 241/670/483 296/669/482 701/590/405 702/589/404
f 565/1232/941 566/1252/961 725/1260/969 724/1228/937
f 502/1251/960 501/1221/930 723/1220/929 722/1259/968
f 500/1269/978 564/1268/977 725/1260/969 722/1259/968
f 299/603/418 565/1232/941 724/1228/937 714/626/439
f 266/580/395 499/579/394 723/1220/929 716/742/553
f 426/1174/884 425/796/597 721/681/494 720/1177/886
f 322/1026/787 426/1174/884 720/1177/886 717/1033/792
f 354/1052/802 353/1027/788 719/1032/791 718/1035/793
f 214/1053/568 354/1052/802 718/1035/793 713/1034/552
f 353/1027/788 322/1026/787 717/1033/792 719/1032/791
f 214/757/568 713/741/552 716/742/553 267/758/569
f 425/796/597 235/795/419 715/682/438 721/681/494
f 235/604/419 299/603/418 714/626/439 715/625/438
f 571/1258/967 572/1234/943 738/1242/951 737/1250/959
f 508/1233/942 507/1179/888 736/1178/887 735/1241/950
f 302/637/450 571/1258/967 737/1250/959 726/658/471
f 506/1240/949 570/1239/948 738/1242/951 735/1241/950
f 269/676/489 505/1223/932 736/1178/887 729/709/520
f 450/1155/865 449/847/629 734/1297/618 733/1298/871
f 337/988/749 450/1155/865 733/1298/871 730/1299/762
f 378/1088/819 377/989/750 732/1300/761 731/1301/813
f 220/1089/537 378/1088/819 731/1301/813 727/1302/519
f 377/989/750 337/988/749 730/1299/762 732/1300/761
f 449/847/629 229/846/451 728/1303/470 734/1297/618
f 220/726/537 727/708/519 729/709/520 270/727/538
f 229/638/451 302/637/450 726/658/471 728/657/470
f 589/1293/1002 590/928/692 751/927/691 750/1290/999
f 526/929/693 525/1193/902 749/1192/901 748/926/690
f 311/635/448 589/1293/1002 750/1290/999 739/654/467
f 278/688/499 523/1191/900 749/1192/901 742/711/522
f 452/1154/864 451/855/635 747/833/621 746/1159/869
f 338/986/747 452/1154/864 746/1159/869 743/997/758
f 380/1092/821 379/987/748 745/996/757 744/1079/814
f 238/1093/541 380/1092/821 744/1079/814 741/1078/521
f 379/987/748 338/986/747 743/997/758 745/996/757
f 524/908/677 588/907/676 751/927/691 748/926/690
f 451/855/635 211/854/449 740/834/466 747/833/621
f 238/730/541 741/710/521 742/711/522 279/731/542
f 211/636/449 311/635/448 739/654/467 740/653/466
f 585/1287/996 586/887/660 764/886/659 763/1281/990
f 522/888/661 521/1190/899 762/1189/898 761/885/658
f 309/677/490 585/1287/996 763/1281/990 752/598/413
f 276/746/557 519/1188/897 762/1189/898 755/760/571
f 436/1166/876 435/817/610 760/799/600 759/1172/882
f 330/1010/771 436/1166/876 759/1172/882 756/1023/784
f 364/1066/808 363/1011/772 758/1022/783 757/1055/803
f 234/1067/497 364/1066/808 757/1055/803 753/1054/570
f 363/1011/772 330/1010/771 756/1023/784 758/1022/783
f 520/871/647 584/870/646 764/886/659 761/885/658
f 435/817/610 215/816/491 754/800/412 760/799/600
f 234/686/497 753/759/570 755/760/571 277/687/498
f 215/678/491 309/677/490 752/598/413 754/597/412
f 581/1276/985 582/850/632 777/849/631 776/1272/981
f 518/851/633 517/1187/896 775/1186/895 774/848/630
f 307/623/436 581/1276/985 776/1272/981 765/644/457
f 274/699/510 515/1185/894 775/1186/895 768/716/527
f 419/1176/885 420/780/587 773/930/694 772/1134/844
f 323/1030/789 419/1176/885 772/1134/844 769/947/708
f 411/1040/796 412/1031/790 771/946/707 770/1125/837
f 230/1041/555 411/1040/796 770/1125/837 766/1124/526
f 412/1031/790 323/1030/789 769/947/708 771/946/707
f 420/780/587 219/779/437 767/931/456 773/930/694
f 516/819/612 580/818/611 777/849/631 774/848/630
f 230/744/555 766/715/526 768/716/527 275/745/556
f 219/624/437 307/623/436 765/644/457 767/643/456
f 577/1265/974 578/803/603 790/802/602 789/775/584
f 514/804/604 513/1184/893 788/1183/892 787/801/601
f 272/769/578 511/1182/891 788/1183/892 781/770/579
f 472/1140/850 471/917/682 786/889/662 785/1143/853
f 348/958/719 472/1140/850 785/1143/853 782/965/726
f 400/1120/835 399/959/720 784/964/725 783/1107/828
f 226/1121/508 400/1120/835 783/1107/828 779/1106/576
f 399/959/720 348/958/719 782/965/726 784/964/725
f 471/917/682 223/916/481 780/890/400 786/889/662
f 512/1227/936 576/1226/935 790/802/602 787/801/601
f 305/667/480 577/1265/974 789/775/584 778/586/401
f 226/697/508 779/767/576 781/770/579 273/698/509
f 223/668/481 305/667/480 778/586/401 780/585/400
f 575/776/585 576/1226/935 803/1225/934 802/1261/970
f 512/1227/936 511/1182/891 801/1181/890 800/1224/933
f 304/587/402 575/776/585 802/1261/970 791/614/429
f 510/1236/945 574/1235/944 803/1225/934 800/1224/933
f 271/728/539 509/1180/889 801/1181/890 794/752/563
f 466/1144/854 465/892/663 799/868/645 798/1149/859
f 345/966/727 466/1144/854 798/1149/859 795/977/738
f 394/1108/829 393/967/728 797/976/737 796/1101/825
f 224/1109/577 394/1108/829 796/1101/825 792/1100/562
f 393/967/728 345/966/727 795/977/738 797/976/737
f 465/892/663 225/891/403 793/869/428 799/868/645
f 224/768/577 792/751/562 794/752/563 272/769/578
f 225/588/403 304/587/402 791/614/429 793/613/428
f 709/1282/991 496/1273/982 710/1218/927
f 631/893/664 488/896/667 632/1206/915
f 618/918/683 490/921/686 619/1209/918
f 544/1246/955 644/1229/938 543/1212/921
f 494/1289/998 709/1282/991 493/1214/923
f 618/918/683 619/1209/918 488/896/667
f 486/875/651 631/893/664 485/1216/925
