# Blender v2.93.5 OBJ File: 'HouseNEW.blend'
# www.blender.org
mtllib house2.mtl
o HouseNEW_Cylinder.000
v 0.347517 1.553688 2.869333
v 0.334522 1.550303 2.888160
v 0.313496 1.544825 2.880969
v 0.313496 1.544825 2.857697
v 0.334522 1.550303 2.850505
v 0.253148 1.607641 2.869333
v 0.253195 1.596799 2.888160
v 0.253270 1.579258 2.880969
v 0.253270 1.579258 2.857697
v 0.253195 1.596799 2.850505
v 0.159243 1.553182 2.869333
v 0.172267 1.549867 2.888160
v 0.193340 1.544503 2.880969
v 0.193340 1.544503 2.857697
v 0.172267 1.549867 2.850505
v 0.195576 1.465572 2.869333
v 0.203578 1.474364 2.888160
v 0.216527 1.488590 2.880969
v 0.216527 1.488590 2.857697
v 0.203578 1.474364 2.850505
v 0.311935 1.465884 2.869333
v 0.303858 1.474633 2.888160
v 0.290787 1.488790 2.880969
v 0.290787 1.488790 2.857697
v 0.303858 1.474633 2.850505
v 1.070211 5.101696 -3.075265
v 1.149718 5.004172 -3.075265
v 1.237622 4.811460 -3.075265
v 1.237622 4.443615 -3.075265
v 0.527485 4.443615 -3.075265
v 0.527485 4.811460 -3.075266
v 0.615389 5.004172 -3.075266
v 0.694896 5.101696 -3.075266
v 0.882553 5.164201 -3.075265
v 1.070211 5.101696 -3.065717
v 0.882553 5.164201 -3.065717
v 1.149718 5.004172 -3.065717
v 1.237622 4.811460 -3.065716
v 1.237622 4.443615 -3.065716
v 0.527485 4.443615 -3.065717
v 0.527485 4.811460 -3.065717
v 0.615389 5.004172 -3.065717
v 0.694896 5.101696 -3.065717
v 0.432166 4.443615 -3.065716
v 0.005269 8.295956 -3.065717
v -1.828743 4.443615 -3.065717
v 0.005269 8.295956 -3.065716
v 1.838379 4.443615 -3.065716
v -1.799960 4.443615 -3.065717
v 1.810497 4.443615 -3.065717
v -1.799960 0.839622 -3.065716
v 1.810497 0.839622 -3.065717
v -0.343300 2.673034 3.127423
v 0.349671 2.672205 3.127423
v 0.002824 2.799496 3.127423
v 0.756882 2.205613 3.127423
v -0.751234 2.205613 3.127423
v 0.922044 1.574144 3.127423
v -0.916396 1.574144 3.127422
v 0.941919 0.839622 3.127423
v 1.810497 0.839622 3.127422
v 1.810497 4.443615 3.127423
v -1.799961 4.443615 3.127422
v -1.799961 0.839622 3.127422
v -0.936271 0.839622 3.127422
v -0.343300 2.673034 2.846725
v 0.348948 2.673034 2.846725
v 0.002824 2.799496 2.846725
v 0.756882 2.205613 2.846725
v -0.751234 2.205613 2.846725
v 0.922044 1.574144 2.846725
v -0.916396 1.574144 2.846725
v 0.941919 0.839622 2.846725
v -0.936271 0.839622 2.846725
v -1.209853 0.839622 2.846725
v 1.236882 0.839622 2.846725
v -1.209853 2.799495 2.846725
v 1.236882 2.799495 2.846725
v -1.814722 2.172246 0.937496
v -1.814722 2.000253 0.739365
v -1.814722 1.744729 0.680301
v -1.814722 1.416879 0.680301
v -1.814722 1.416879 1.785293
v -1.814722 1.744729 1.785293
v -1.814722 2.000253 1.726230
v -1.814722 2.172246 1.528099
v -1.814722 2.275851 1.232798
v -1.799961 2.172246 0.937496
v -1.799961 2.275851 1.232798
v -1.799961 2.000253 0.739365
v -1.799961 1.744729 0.680301
v -1.799961 1.416879 0.680301
v -1.799961 1.416879 1.785293
v -1.799961 1.744729 1.785293
v -1.799961 2.000253 1.726230
v -1.799961 2.172246 1.528099
v -1.814722 2.172246 -1.459239
v -1.814722 2.000252 -1.657369
v -1.814722 1.744729 -1.716433
v -1.814722 1.416879 -1.716433
v -1.814722 1.416879 -0.611441
v -1.814722 1.744729 -0.611441
v -1.814722 2.000253 -0.670504
v -1.814722 2.172246 -0.868635
v -1.814722 2.275851 -1.163937
v -1.799961 2.172246 -1.459238
v -1.799961 2.275851 -1.163937
v -1.799961 2.000252 -1.657369
v -1.799961 1.744729 -1.716433
v -1.799961 1.416879 -1.716433
v -1.799961 1.416879 -0.611441
v -1.799961 1.744729 -0.611441
v -1.799961 2.000253 -0.670504
v -1.799961 2.172246 -0.868635
v -1.799960 1.416879 -3.065717
v -1.799961 1.416879 3.127422
v -1.799961 4.443615 3.127422
v -1.799961 4.443615 -3.065717
v -1.799961 1.416879 0.680301
v -1.799961 1.416879 -1.716433
v -1.799960 0.839622 -3.065717
v -1.799961 0.839622 3.127422
v -1.799960 1.416879 -3.065717
v -1.799961 1.416879 3.127422
v 0.694896 5.101696 3.141113
v 0.615389 5.004172 3.141113
v 0.527485 4.811460 3.141113
v 0.527485 4.443615 3.141113
v 1.237622 4.443615 3.141113
v 1.237622 4.811460 3.141113
v 1.149718 5.004172 3.141113
v 1.070211 5.101696 3.141113
v 0.882554 5.164201 3.141113
v 0.694896 5.101696 3.127422
v 0.882554 5.164201 3.127422
v 0.615389 5.004172 3.127422
v 0.527485 4.811460 3.127422
v 0.527485 4.443615 3.127422
v 1.237622 4.443615 3.127422
v 1.237622 4.811460 3.127422
v 1.149718 5.004172 3.127422
v 1.070211 5.101696 3.127422
v -1.053050 5.101696 3.138036
v -1.132556 5.004172 3.138036
v -1.220461 4.811460 3.138036
v -1.220461 4.443615 3.138036
v -0.510323 4.443615 3.138035
v -0.510323 4.811460 3.138036
v -0.598228 5.004172 3.138036
v -0.677734 5.101696 3.138036
v -0.865392 5.164201 3.138036
v -1.053050 5.101696 3.127422
v -0.865392 5.164201 3.127422
v -1.132556 5.004172 3.127422
v -1.220461 4.811460 3.127422
v -1.220461 4.443615 3.127422
v -0.510323 4.443615 3.127422
v -0.510323 4.811460 3.127422
v -0.598228 5.004172 3.127422
v -0.677734 5.101696 3.127422
v -0.001468 8.295956 3.127423
v -0.001468 8.295956 3.127422
v -1.828744 4.443615 3.127422
v 1.826710 4.443615 3.127422
v 1.819057 2.172246 -0.875694
v 1.819057 2.000253 -0.677563
v 1.819057 1.744729 -0.618500
v 1.819057 1.416879 -0.618500
v 1.819057 1.416879 -1.723492
v 1.819057 1.744729 -1.723492
v 1.819057 2.000253 -1.664428
v 1.819057 2.172246 -1.466298
v 1.819057 2.275851 -1.170996
v 1.810498 2.172246 -0.875694
v 1.810498 2.275851 -1.170996
v 1.810498 2.000253 -0.677563
v 1.810498 1.744729 -0.618500
v 1.810498 1.416879 -0.618500
v 1.810498 1.416879 -1.723492
v 1.810498 1.744729 -1.723492
v 1.810498 2.000253 -1.664428
v 1.810498 2.172246 -1.466298
v 1.819056 2.172246 1.521040
v 1.819056 2.000252 1.719171
v 1.819056 1.744729 1.778235
v 1.819056 1.416879 1.778235
v 1.819056 1.416879 0.673242
v 1.819056 1.744729 0.673242
v 1.819056 2.000253 0.732306
v 1.819056 2.172246 0.930437
v 1.819056 2.275851 1.225738
v 1.810497 2.172246 1.521040
v 1.810497 2.275851 1.225738
v 1.810497 2.000252 1.719171
v 1.810497 1.744729 1.778235
v 1.810497 1.416879 1.778235
v 1.810498 1.416879 0.673242
v 1.810498 1.744729 0.673242
v 1.810497 2.000253 0.732306
v 1.810498 2.172246 0.930437
v 1.810497 1.416879 3.127422
v 1.810498 1.416879 -3.065716
v 1.810499 4.443615 -3.065716
v 1.810498 4.443615 3.127422
v 1.810498 1.416879 -0.618500
v 1.810497 1.416879 1.778235
v 1.810497 0.839622 3.127422
v 1.810498 0.839622 -3.065716
v 1.810497 1.416879 3.127422
v 1.810498 1.416879 -3.065716
v -0.001468 8.295955 3.127422
v 0.005269 8.295955 -3.065717
v -0.001468 8.295956 3.877422
v -1.828744 4.443615 3.877422
v 1.826710 4.443615 3.877422
v -0.001468 8.295956 3.877423
v -0.000068 8.724146 3.877525
v -1.960526 4.568379 3.877319
v 1.958493 4.565709 3.877731
v -3.494100 3.550907 3.877319
v -3.362318 3.426143 3.877422
v 3.492063 3.548236 3.879922
v 3.360281 3.426142 3.879613
v -1.828743 4.443615 -3.815717
v 0.005269 8.295956 -3.815717
v 1.838379 4.443615 -3.815716
v 0.005269 8.295956 -3.815716
v -1.960526 4.568378 -3.815820
v 0.000500 8.724146 -3.815614
v 1.970161 4.571048 -3.815407
v -3.362317 3.426143 -3.815717
v -3.494099 3.550906 -3.815820
v 3.371950 3.426142 -3.813525
v 3.503732 3.553575 -3.813216
v -1.760163 1.552906 1.785293
v -1.714308 1.589248 1.785293
v -1.760163 1.552906 0.680301
v -1.714308 1.589248 0.680301
v -1.714308 1.516564 1.785293
v -1.714308 1.516564 0.680301
v -1.760163 1.552906 -0.611441
v -1.714308 1.589248 -0.611441
v -1.760163 1.552906 -1.716433
v -1.714308 1.589248 -1.716433
v -1.714308 1.516564 -0.611441
v -1.714308 1.516564 -1.716433
v 1.774769 1.552906 -1.716433
v 1.728914 1.589248 -1.716433
v 1.774769 1.552906 -0.611441
v 1.728914 1.589248 -0.611441
v 1.728914 1.516564 -1.716433
v 1.728914 1.516564 -0.611441
v 1.774768 1.552906 0.673243
v 1.728913 1.589248 0.673243
v 1.774769 1.552906 1.778235
v 1.728913 1.589248 1.778235
v 1.728913 1.516564 0.673243
v 1.728913 1.516564 1.778235
v -0.936271 0.885197 2.875592
v -0.936271 0.952285 2.875592
v -0.936271 0.885197 2.779743
v -0.936271 0.952285 2.779743
v -0.062292 0.885197 2.875592
v -0.062292 0.952285 2.875592
v -0.062292 0.885197 2.779743
v -0.062292 0.952285 2.779743
v 0.941919 0.952285 2.875593
v 0.941919 0.885197 2.875593
v 0.941919 0.952285 2.779744
v 0.941919 0.885197 2.779744
v 0.067941 0.952285 2.875592
v 0.067941 0.885197 2.875592
v 0.067941 0.952285 2.779743
v 0.067941 0.885197 2.779743
v -0.041031 2.804204 2.875592
v 0.043618 2.804204 2.875592
v -0.041031 2.804204 2.779743
v 0.043618 2.804204 2.779743
v -0.041031 0.839622 2.875592
v 0.043618 0.839622 2.875592
v -0.041031 0.839622 2.779743
v 0.043618 0.839622 2.779743
v 0.224291 1.600029 2.893822
v 0.272029 1.600029 2.893822
v 0.224291 1.625767 2.839768
v 0.272029 1.625767 2.839768
v 0.224291 1.560645 2.893822
v 0.272029 1.560645 2.893822
v 0.224291 1.560645 2.839768
v 0.272029 1.560645 2.839768
v -0.149436 1.553688 2.869333
v -0.162432 1.550303 2.888160
v -0.183458 1.544825 2.880969
v -0.183458 1.544825 2.857697
v -0.162432 1.550303 2.850505
v -0.243805 1.607641 2.869333
v -0.243759 1.596799 2.888160
v -0.243684 1.579258 2.880969
v -0.243684 1.579258 2.857697
v -0.243759 1.596799 2.850505
v -0.337711 1.553182 2.869333
v -0.324687 1.549867 2.888160
v -0.303614 1.544503 2.880969
v -0.303614 1.544503 2.857697
v -0.324687 1.549867 2.850505
v -0.301378 1.465572 2.869333
v -0.293376 1.474364 2.888160
v -0.280427 1.488590 2.880969
v -0.280427 1.488590 2.857697
v -0.293375 1.474364 2.850505
v -0.185018 1.465884 2.869333
v -0.193096 1.474633 2.888160
v -0.206166 1.488790 2.880969
v -0.206166 1.488790 2.857697
v -0.193096 1.474633 2.850505
v -0.272663 1.600029 2.893822
v -0.224924 1.600029 2.893822
v -0.272663 1.625767 2.839768
v -0.224924 1.625767 2.839768
v -0.272663 1.560645 2.893822
v -0.224924 1.560645 2.893822
v -0.272663 1.560645 2.839768
v -0.224924 1.560645 2.839768
v -2.236950 6.973573 3.717949
v -2.301042 7.122591 3.717949
v -2.301042 7.122591 -3.629947
v -2.236950 6.973573 -3.629947
v -0.272484 7.757795 3.717950
v -0.272484 7.757795 -3.629947
v -0.336576 7.906812 -3.629947
v -0.336576 7.906812 3.717950
v 2.247431 6.973573 -3.629947
v 2.311522 7.122591 -3.629947
v 2.311522 7.122591 3.717949
v 2.247430 6.973573 3.717949
v 0.272898 7.757794 -3.629947
v 0.272897 7.757794 3.717949
v 0.336989 7.906811 3.717949
v 0.336989 7.906811 -3.629947
v -1.746128 2.678563 2.918248
v -3.178576 3.615182 2.940436
v -1.746127 2.678563 2.773308
v -3.178576 3.615182 2.795495
v -1.582730 2.818563 2.918248
v -2.961018 3.709191 2.940436
v -1.582730 2.818563 2.773308
v -2.961017 3.709191 2.795495
v -1.056754 6.313374 -2.267399
v -2.162602 7.043624 -2.245212
v -1.056754 6.313374 -2.412340
v -2.162602 7.043624 -2.390152
v -0.893357 6.453373 -2.267399
v -1.945044 7.137633 -2.245212
v -0.893357 6.453373 -2.412340
v -1.945043 7.137633 -2.390152
v 2.977343 3.709191 -2.764420
v 1.599056 2.818563 -2.742233
v 2.977343 3.709191 -2.909360
v 1.599056 2.818563 -2.887173
v 3.194902 3.615182 -2.764420
v 1.762453 2.678563 -2.742233
v 3.194902 3.615182 -2.909360
v 1.762453 2.678563 -2.887173
v 1.762453 2.678563 2.795496
v 3.194902 3.615182 2.773308
v 1.762453 2.678563 2.940436
v 3.194902 3.615182 2.918249
v 1.599056 2.818563 2.795496
v 2.977343 3.709191 2.773308
v 1.599056 2.818563 2.940436
v 2.977343 3.709191 2.918249
v -0.431200 7.702268 3.360994
v -0.356622 7.579622 3.360994
v -0.431200 7.702268 3.532776
v -0.356622 7.579622 3.532776
v -2.168794 7.009714 3.360994
v -2.094216 6.887068 3.360994
v -2.168794 7.009714 3.532776
v -2.094216 6.887068 3.532776
v -0.431200 7.702268 -2.561934
v -0.356622 7.579622 -2.561934
v -0.431200 7.702268 -2.390152
v -0.356622 7.579622 -2.390152
v -2.168794 7.009714 -2.561934
v -2.094216 6.887068 -2.561934
v -2.168794 7.009714 -2.390152
v -2.094216 6.887068 -2.390152
v 0.437110 7.702268 -3.272509
v 0.362532 7.579622 -3.272509
v 0.437110 7.702268 -3.444291
v 0.362532 7.579622 -3.444291
v 2.174705 7.009714 -3.272509
v 2.100127 6.887068 -3.272509
v 2.174705 7.009714 -3.444291
v 2.100127 6.887068 -3.444291
v 0.437110 7.702268 3.488401
v 0.362532 7.579622 3.488401
v 0.437110 7.702268 3.316619
v 0.362532 7.579622 3.316619
v 2.174705 7.009714 3.488401
v 2.100127 6.887068 3.488401
v 2.174705 7.009714 3.316619
v 2.100127 6.887068 3.316619
v -0.000142 8.295956 3.293563
v -1.828744 4.443615 3.293563
v -0.001468 8.295956 3.127422
v -1.828744 4.443615 3.127422
v -0.000142 7.917823 3.293563
v -1.666149 4.395172 3.293563
v -0.001017 7.917823 3.127422
v -1.666149 4.395172 3.127422
v -1.391861 8.724146 -2.606309
v -1.828744 4.443615 3.293563
v -1.828744 4.443615 3.127422
v -1.724179 4.342785 3.293563
v -1.724179 4.342785 3.127422
v -3.068810 3.623908 3.293563
v -3.068810 3.623908 3.127422
v -2.964245 3.523077 3.293563
v -2.964245 3.523077 3.127422
v -0.001468 8.295956 -3.065717
v -1.828744 4.443615 -3.065716
v -0.001468 8.295956 -3.231858
v -1.828744 4.443615 -3.231858
v -0.001017 7.917823 -3.065717
v -1.666149 4.395172 -3.065716
v -0.001017 7.917823 -3.231858
v -1.666149 4.395172 -3.231858
v -1.391861 8.724146 -3.525127
v -1.828744 4.443615 -3.065716
v -1.828744 4.443615 -3.231858
v -1.724179 4.342785 -3.065716
v -1.724179 4.342785 -3.231858
v -3.068810 3.623908 -3.065717
v -3.068810 3.623908 -3.231858
v -2.964245 3.523077 -3.065717
v -2.964245 3.523077 -3.231858
v 0.001184 8.295956 -3.231857
v 1.828460 4.443615 -3.231857
v 0.001184 8.295956 -3.065717
v 1.828460 4.443615 -3.065716
v 0.000733 7.917823 -3.231857
v 1.665865 4.395172 -3.231857
v 0.000733 7.917823 -3.065717
v 1.665865 4.395172 -3.065716
v -1.888411 4.443615 -3.065717
v -1.888411 4.443615 3.127422
v 1.828460 4.443615 -3.231857
v 1.828460 4.443615 -3.065716
v 1.723895 4.342785 -3.231857
v 1.723895 4.342785 -3.065716
v 3.068526 3.623908 -3.231857
v 3.068526 3.623908 -3.065716
v 2.963961 3.523077 -3.231857
v 2.963961 3.523077 -3.065716
v 0.001184 8.295956 3.127422
v 1.828460 4.443615 3.127422
v 1.828460 4.443615 3.293564
v 0.000732 7.917823 3.127422
v 1.665864 4.395172 3.127422
v 1.665864 4.395172 3.293564
v 1.898948 4.443615 3.127422
v 1.898949 4.443615 -3.065716
v 1.828460 4.443615 3.127422
v 1.828460 4.443615 3.293564
v 1.723895 4.342785 3.127422
v 1.723895 4.342785 3.293564
v 3.068526 3.623908 3.127423
v 3.068526 3.623908 3.293565
v 2.963961 3.523077 3.127423
v 2.963961 3.523077 3.293565
v -0.473043 8.724146 -2.606308
v -0.473043 8.724146 -3.525126
v -0.138086 0.839622 -2.606308
v -0.138086 0.839622 -3.525126
v -0.116228 4.581880 -2.606308
v -1.534198 0.839622 -2.606309
v -1.556056 4.581880 -2.606309
v -1.534198 0.839622 -3.525127
v -1.556056 4.581880 -3.525127
v -0.116229 4.581880 -3.525126
v -1.471306 8.724146 -2.526863
v -1.471306 8.724146 -3.604572
v -0.393598 8.724146 -2.526863
v -0.393597 8.724146 -3.604572
v -1.471306 9.217768 -2.526863
v -1.471306 9.217768 -3.604572
v -0.393598 9.217768 -2.526863
v -0.393597 9.217768 -3.604572
v -1.223738 9.217768 -2.774431
v -1.223738 9.217768 -3.357004
v -0.641165 9.217768 -2.774431
v -0.641165 9.217768 -3.357004
v -0.970738 4.443616 3.140699
v -0.976030 5.164201 3.140699
v -0.976030 5.164201 2.851611
v -0.872199 4.443616 3.140699
v -0.877491 5.164201 3.140699
v -0.877491 5.164201 2.851611
v -0.976030 4.515675 3.140699
v -0.976030 4.743873 3.140699
v -0.976030 4.793309 3.140699
v -0.976030 4.793309 2.851611
v -0.976030 4.743873 2.851611
v -0.976030 4.515675 2.851611
v -0.877491 4.793309 2.851611
v -0.877491 4.743873 2.851611
v -0.877491 4.515675 2.851611
v -0.877491 4.793309 3.140699
v -0.877491 4.743873 3.140699
v -0.877491 4.515675 3.140699
v -1.240934 4.743873 3.140699
v -1.240934 4.793309 3.140699
v -1.240934 4.793309 2.851611
v -1.240934 4.743873 2.851611
v 1.255069 4.443616 3.147507
v 1.252721 4.515675 3.147507
v 1.252721 4.515675 2.851611
v 1.252721 4.743873 3.147507
v -1.240934 4.515675 2.851611
v -1.238668 4.443616 3.140699
v -1.240934 4.515675 3.140699
v 1.252721 4.793309 3.147507
v 1.252721 4.743873 2.851611
v 1.252721 4.793309 2.851611
v 0.774824 4.443616 3.147507
v 0.769305 5.164201 3.147507
v 0.769305 5.164201 2.851611
v 0.873363 4.443616 3.147507
v 0.867844 5.164201 3.147507
v 0.867844 5.164201 2.851611
v 0.769305 4.515675 3.147507
v 0.769305 4.743873 3.147507
v 0.769305 4.793309 3.147507
v 0.769305 4.793309 2.851611
v 0.769305 4.743873 2.851611
v 0.769305 4.515675 2.851611
v 0.867844 4.793309 2.851611
v 0.867844 4.743873 2.851611
v 0.867844 4.515675 2.851611
v 0.867844 4.793309 3.147507
v 0.867844 4.743873 3.147507
v 0.867844 4.515675 3.147507
v 0.506131 4.743873 3.147507
v 0.506131 4.793309 3.147507
v 0.506131 4.793309 2.851611
v 0.506131 4.743873 2.851611
v 0.506130 4.515675 2.851611
v 0.508494 4.443616 3.147507
v 0.506130 4.515675 3.147507
v 0.992796 4.443616 -3.082799
v 0.998555 5.164201 -3.082799
v 0.998555 5.164201 -3.021315
v 0.894257 4.443616 -3.082799
v 0.900016 5.164201 -3.082799
v 0.900016 5.164201 -3.021315
v 0.998555 4.515675 -3.082799
v 0.998555 4.743873 -3.082799
v 0.998555 4.793309 -3.082799
v 0.998555 4.793309 -3.021315
v 0.998555 4.743873 -3.021315
v 0.998555 4.515675 -3.021315
v 0.900016 4.793309 -3.021315
v 0.900016 4.743873 -3.021315
v 0.900016 4.515675 -3.021315
v 0.900016 4.793309 -3.082799
v 0.900016 4.743873 -3.082799
v 0.900016 4.515675 -3.082799
v 1.259905 4.743873 -3.082799
v 1.259905 4.793309 -3.082799
v 1.259905 4.793309 -3.021315
v 1.259905 4.743873 -3.021315
v 1.259905 4.515675 -3.021315
v 1.257438 4.443616 -3.082799
v 1.259905 4.515675 -3.082799
v -0.555239 6.336520 3.122180
v -0.627869 6.182326 3.122180
v -0.555239 6.336520 3.945801
v -0.627869 6.182326 3.945801
v -0.872283 6.447623 3.092525
v -0.947915 6.287054 3.092525
v -0.872283 6.447623 3.950202
v -0.947915 6.287053 3.950202
v -0.948175 5.498128 3.122180
v -1.020804 5.343933 3.122180
v -0.948175 5.498128 4.153700
v -1.020804 5.343933 4.153700
v -1.278187 5.581915 3.092525
v -1.353820 5.421345 3.092525
v -1.278187 5.581915 4.166698
v -1.353820 5.421345 4.166698
v 0.606912 6.351633 4.160233
v 0.679541 6.197438 4.160233
v 0.606912 6.351633 3.093911
v 0.679542 6.197438 3.093911
v 0.869835 6.447623 4.149948
v 0.945467 6.287054 4.149948
v 0.869835 6.447623 3.049569
v 0.945467 6.287053 3.049569
v 0.999848 5.513240 4.024000
v 1.072477 5.359046 4.024000
v 0.999848 5.513240 2.992481
v 1.072477 5.359046 2.992481
v 1.275740 5.581915 4.013714
v 1.351372 5.421345 4.013714
v 1.275740 5.581915 2.939543
v 1.351372 5.421345 2.939543
v -0.485940 7.357049 3.849986
v -0.485940 7.482159 3.849986
v -0.485941 7.357049 3.284139
v -0.485941 7.482159 3.284139
v 0.485746 7.357049 3.849986
v 0.485746 7.482159 3.849986
v 0.485746 7.357049 3.284139
v 0.485746 7.482159 3.284139
v 0.574890 6.336520 -3.018586
v 0.647520 6.182326 -3.018586
v 0.574890 6.336520 -3.842206
v 0.647520 6.182326 -3.842206
v 0.891934 6.447623 -2.988931
v 0.967566 6.287054 -2.988931
v 0.891934 6.447623 -3.846607
v 0.967566 6.287053 -3.846607
v 0.967826 5.498128 -3.018586
v 1.040455 5.343933 -3.018586
v 0.967826 5.498128 -4.050105
v 1.040455 5.343933 -4.050105
v 1.297838 5.581915 -2.988931
v 1.373471 5.421345 -2.988931
v 1.297838 5.581915 -4.063103
v 1.373471 5.421345 -4.063103
v 0.505592 7.357049 -3.746392
v 0.505592 7.482159 -3.746392
v 0.505592 7.357049 -3.180544
v 0.505592 7.482159 -3.180544
v -0.466095 7.357049 -3.746392
v -0.466095 7.482159 -3.746392
v -0.466095 7.357049 -3.180544
v -0.466095 7.482159 -3.180544
v -1.225419 7.154835 3.532776
v -1.299997 7.277481 3.532776
v -1.225419 7.154835 3.360994
v -1.299997 7.277481 3.360994
v 1.231330 7.154835 3.316619
v 1.305907 7.277481 3.316619
v 1.231330 7.154835 3.488401
v 1.305907 7.277481 3.488401
v 1.231329 7.154835 -3.444290
v 1.305907 7.277481 -3.444290
v 1.231330 7.154835 -3.272508
v 1.305907 7.277481 -3.272508
v -1.225419 7.154835 -2.390152
v -1.299997 7.277481 -2.390152
v -1.225419 7.154835 -2.561934
v -1.299997 7.277481 -2.561934
v -1.254717 7.287175 3.717949
v -1.318809 7.436192 -3.629947
v -1.254717 7.287175 -3.629947
v -1.318809 7.436192 3.717949
v 1.260164 7.287174 -3.629947
v 1.324255 7.436192 3.717949
v 1.260163 7.287174 3.717949
v 1.324256 7.436192 -3.629947
v 3.396385 3.395504 1.586582
v 3.400275 3.395504 -1.519905
v 3.532057 3.521157 -1.519531
v 3.528167 3.519377 1.586956
v 1.958493 4.574327 -1.522185
v 1.958493 4.574326 1.584302
v -3.399429 3.396731 1.583927
v -3.399428 3.396731 -1.522560
v -3.531211 3.521494 -1.522685
v -3.531211 3.521494 1.583802
v -1.960526 4.568378 1.583803
v -1.960526 4.568378 -1.522685
v -2.275608 6.942935 -1.461496
v -2.275608 6.942935 1.549497
v -2.339699 7.091953 1.549497
v -2.339699 7.091953 -1.461496
v -0.336576 7.906812 -1.461495
v -0.336576 7.906812 1.549498
v -0.272484 7.757795 1.549498
v -0.272484 7.757795 -1.461495
v -1.318809 7.436192 -1.461496
v -1.318809 7.436192 1.549497
v -1.254717 7.287175 1.549498
v -1.254717 7.287175 -1.461495
v 2.280830 6.955926 1.549498
v 2.280831 6.955926 -1.461495
v 2.344922 7.104944 -1.461495
v 2.344922 7.104944 1.549498
v 0.336989 7.906811 1.549497
v 0.336989 7.906811 -1.461496
v 0.272898 7.757794 -1.461495
v 0.272897 7.757794 1.549498
v 1.324255 7.436192 1.549497
v 1.324256 7.436192 -1.461495
v 1.260164 7.287174 -1.461495
v 1.260164 7.287174 1.549498
v -1.746127 2.678563 -2.764420
v -3.178576 3.615182 -2.742233
v -1.746127 2.678563 -2.909361
v -3.178576 3.615182 -2.887173
v -1.582730 2.818563 -2.764420
v -2.961017 3.709191 -2.742233
v -1.582730 2.818563 -2.909361
v -2.961017 3.709191 -2.887173
v -2.462352 3.238395 2.929342
v -2.462352 3.238395 2.784401
v -2.271874 3.355400 2.784402
v -2.271874 3.355400 2.929342
v 2.478678 3.238395 2.784402
v 2.478677 3.238395 2.929342
v 2.288199 3.355400 2.929342
v 2.288199 3.355400 2.784402
v -2.462351 3.238395 -2.753327
v -2.462351 3.238395 -2.898267
v -2.271873 3.355400 -2.898267
v -2.271873 3.355400 -2.753327
v 2.288200 3.355400 -2.898267
v 2.288199 3.355400 -2.753327
v 2.478678 3.238395 -2.753326
v 2.478678 3.238395 -2.898267
v -1.944954 -0.000000 4.883439
v 1.944954 -0.000000 4.883439
v -1.944954 -0.000000 -3.211090
v 1.944954 -0.000000 -3.211090
v -1.651728 0.000044 -3.653108
v -1.656235 -0.000000 -3.211090
v -0.025986 -0.000000 -3.653108
v -0.025986 -0.000000 -3.211090
v -0.798015 -0.000000 4.503454
v 0.798015 -0.000000 4.883438
v -0.798015 -0.000000 4.883439
v 0.798015 -0.000000 4.503454
v -1.944954 0.839622 4.883439
v 1.944954 0.839622 4.883439
v -1.944954 0.839622 -3.211090
v 1.944954 0.839622 -3.211090
v -1.651728 0.839667 -3.653108
v -1.656235 0.839622 -3.211090
v -0.025986 0.839622 -3.653108
v -0.025986 0.839622 -3.211090
v -0.798015 0.839622 4.503454
v 0.798015 0.839622 4.883438
v -0.798015 0.839622 4.883439
v 0.798015 0.839622 4.503454
v 0.798015 0.209906 4.503454
v 0.798015 0.419811 4.503454
v 0.798015 0.629717 4.503454
v -0.798015 0.629717 4.503454
v -0.798015 0.419811 4.503454
v -0.798015 0.209906 4.503454
v 0.798015 0.419811 4.748349
v 0.798015 0.629717 4.748349
v -0.798015 0.629717 4.748349
v -0.798015 0.419811 4.748349
v 0.798015 0.209906 4.983180
v 0.798015 0.419811 4.983180
v -0.798015 0.419811 4.983180
v -0.798015 0.209906 4.983180
v -0.798015 -0.000000 5.251558
v 0.798015 -0.000000 5.251558
v -0.798015 0.209906 5.251558
v 0.798015 0.209906 5.251558
v -1.751114 0.812792 4.681263
v -1.751114 1.194186 4.681263
v -1.751114 0.812792 4.613559
v -1.751114 1.194186 4.613559
v -1.683410 0.812792 4.681263
v -1.683410 1.194186 4.681263
v -1.683410 0.812792 4.613559
v -1.683410 1.194186 4.613559
v -0.950412 0.812792 4.681264
v -0.950412 1.194186 4.681264
v -0.950412 0.812792 4.613560
v -0.950412 1.194186 4.613560
v -0.882707 0.812792 4.681264
v -0.882707 1.194186 4.681264
v -0.882707 0.812792 4.613560
v -0.882707 1.194186 4.613560
v -1.799962 1.247845 4.799537
v -0.808970 1.247845 4.799538
v -1.799962 1.247845 4.613559
v -0.808970 1.247845 4.613560
v -1.799962 1.194186 4.799537
v -0.808970 1.194186 4.799538
v -1.799962 1.194186 4.613559
v -0.808970 1.194186 4.613560
v -1.644908 1.247845 4.613559
v -1.644908 1.247845 3.127422
v -1.799962 1.247845 4.613559
v -1.799961 1.247845 3.127422
v -1.644908 1.194186 4.613559
v -1.644908 1.194186 3.127422
v -1.799962 1.194186 4.613559
v -1.799961 1.194186 3.127422
v -1.731163 0.752158 3.955467
v -1.731163 1.212644 4.462377
v -1.731163 0.772186 3.910499
v -1.731163 1.232672 4.417409
v -1.703360 0.752158 3.955467
v -1.703360 1.212644 4.462377
v -1.703360 0.772186 3.910499
v -1.703360 1.232672 4.417409
v -1.731163 0.752158 3.260688
v -1.731163 1.212644 3.767598
v -1.731163 0.772186 3.215720
v -1.731163 1.232672 3.722630
v -1.703360 0.752158 3.260688
v -1.703360 1.212644 3.767598
v -1.703360 0.772186 3.215720
v -1.703360 1.232672 3.722630
v -1.703360 0.752158 3.722630
v -1.703360 1.212644 3.215719
v -1.703360 0.772186 3.767597
v -1.703360 1.232672 3.260687
v -1.731163 0.752158 3.722630
v -1.731163 1.212644 3.215719
v -1.731163 0.772186 3.767597
v -1.731163 1.232672 3.260687
v -1.703360 0.752158 4.417408
v -1.703360 1.212644 3.910498
v -1.703360 0.772186 4.462376
v -1.703360 1.232672 3.955466
v -1.731163 0.752158 4.417408
v -1.731163 1.212644 3.910498
v -1.731163 0.772186 4.462376
v -1.731163 1.232672 3.955466
v -1.536271 0.752158 4.718519
v -1.029361 1.212644 4.718519
v -1.581239 0.772186 4.718518
v -1.074328 1.232672 4.718519
v -1.536271 0.752158 4.690716
v -1.029361 1.212644 4.690716
v -1.581239 0.772186 4.690715
v -1.074328 1.232672 4.690716
v -1.074329 0.752158 4.690716
v -1.581239 1.212644 4.690715
v -1.029361 0.772186 4.690716
v -1.536272 1.232672 4.690716
v -1.074329 0.752158 4.718519
v -1.581239 1.212644 4.718518
v -1.029361 0.772186 4.718519
v -1.536272 1.232672 4.718519
v 1.759942 0.812792 4.731833
v 1.759942 1.194186 4.731833
v 1.759942 0.812792 4.799537
v 1.759942 1.194186 4.799537
v 1.692238 0.812792 4.731833
v 1.692238 1.194186 4.731833
v 1.692238 0.812792 4.799537
v 1.692238 1.194186 4.799537
v 0.959240 0.812792 4.731832
v 0.959240 1.194186 4.731832
v 0.959240 0.812792 4.799536
v 0.959240 1.194186 4.799536
v 0.891536 0.812792 4.731832
v 0.891536 1.194186 4.731832
v 0.891536 0.812792 4.799536
v 0.891536 1.194186 4.799536
v 1.808790 1.247845 4.613559
v 0.817798 1.247845 4.613558
v 1.808790 1.247845 4.799537
v 0.817798 1.247845 4.799536
v 1.808790 1.194186 4.613559
v 0.817798 1.194186 4.613558
v 1.808790 1.194186 4.799537
v 0.817798 1.194186 4.799536
v 1.808790 1.247845 4.613559
v 1.808791 1.247845 3.127422
v 1.653737 1.247845 4.613559
v 1.653737 1.247845 3.127422
v 1.808790 1.194186 4.613559
v 1.808791 1.194186 3.127422
v 1.653737 1.194186 4.613559
v 1.653737 1.194186 3.127422
v 1.722535 0.752158 3.955467
v 1.722535 1.212644 4.462377
v 1.722535 0.772186 3.910499
v 1.722535 1.232672 4.417409
v 1.750338 0.752158 3.955467
v 1.750338 1.212644 4.462377
v 1.750338 0.772186 3.910499
v 1.750338 1.232672 4.417409
v 1.722535 0.752158 3.260688
v 1.722535 1.212644 3.767598
v 1.722535 0.772186 3.215720
v 1.722535 1.232672 3.722630
v 1.750338 0.752158 3.260688
v 1.750338 1.212644 3.767598
v 1.750338 0.772186 3.215720
v 1.750338 1.232672 3.722630
v 1.750338 0.752158 3.722630
v 1.750338 1.212644 3.215719
v 1.750338 0.772186 3.767597
v 1.750338 1.232672 3.260687
v 1.722535 0.752158 3.722630
v 1.722535 1.212644 3.215719
v 1.722535 0.772186 3.767597
v 1.722535 1.232672 3.260687
v 1.750338 0.752158 4.417408
v 1.750338 1.212644 3.910498
v 1.750338 0.772186 4.462377
v 1.750338 1.232672 3.955466
v 1.722535 0.752158 4.417408
v 1.722535 1.212644 3.910498
v 1.722535 0.772186 4.462377
v 1.722535 1.232672 3.955466
v 1.545099 0.752158 4.694577
v 1.038189 1.212644 4.694577
v 1.590067 0.772186 4.694578
v 1.083157 1.232672 4.694577
v 1.545099 0.752158 4.722380
v 1.038189 1.212644 4.722380
v 1.590067 0.772186 4.722381
v 1.083157 1.232672 4.722380
v 1.083158 0.752158 4.722380
v 1.590068 1.212644 4.722381
v 1.038190 0.772186 4.722380
v 1.545100 1.232672 4.722380
v 1.083158 0.752158 4.694577
v 1.590068 1.212644 4.694578
v 1.038190 0.772186 4.694577
v 1.545100 1.232672 4.694577
v -1.223738 1.655907 -2.774431
v -1.223738 1.655907 -3.357004
v -0.641165 1.655907 -2.774431
v -0.641165 1.655907 -3.357004
v -1.391861 4.997341 -2.606309
v -1.391861 4.997341 -3.525127
v -0.473043 4.997341 -2.606308
v -0.473043 4.997341 -3.525126
v -0.116228 4.581880 -2.606308
v -1.556056 4.581880 -2.606309
v -0.000068 8.724146 3.877525
v 0.000500 8.724146 -3.815614
v -1.960526 4.568379 -3.815819
v -0.000068 8.724146 3.877525
v -1.960526 4.568379 3.877319
v 2.008348 7.179041 -3.127568
v 2.008348 7.179041 -3.272509
v 2.225907 7.085032 -3.127568
v 2.225907 7.085032 -3.272509
v 2.225907 7.085032 3.193866
v 2.225907 7.085032 3.338807
v 2.008348 7.179041 3.193866
v 2.008348 7.179041 3.338807
v 1.509683 6.708246 3.204960
v 1.509682 6.708246 3.349900
v 1.319205 6.825250 3.349900
v 1.319205 6.825250 3.204960
v 1.272137 6.787240 -3.263191
v 1.272136 6.787240 -3.118250
v 1.473694 6.678861 -3.117968
v 1.473694 6.678861 -3.262909
v -2.019391 7.128703 3.216053
v 1.085672 6.378973 3.204381
v -2.019392 7.128703 3.360994
v 0.915299 6.513051 3.204381
v -2.236950 7.034694 3.216053
v 0.915299 6.513051 3.349321
v -2.236950 7.034694 3.360994
v 1.085671 6.378973 3.349321
v -1.330248 6.774911 3.349900
v -1.330248 6.774911 3.204960
v -1.520726 6.657907 3.204960
v -1.520726 6.657907 3.349900
v -0.932801 6.453005 3.341580
v -0.932801 6.453005 3.196640
v -1.102969 6.318755 3.196640
v -1.102969 6.318755 3.341580
v 0.910982 6.507734 -3.260815
v 0.910982 6.507734 -3.115875
v 1.087832 6.379157 -3.115875
v 1.087832 6.379157 -3.260815
v -0.853684 5.164201 3.140699
v -0.853684 5.164201 2.851611
v -0.755144 5.164201 3.140699
v -0.755144 5.164201 2.851611
v -0.853684 4.515675 3.140699
v -0.853684 4.743873 3.140699
v -0.853684 4.793309 3.140699
v -0.853684 4.793309 2.851611
v -0.853684 4.743873 2.851611
v -0.853684 4.515675 2.851611
v -0.755144 4.793309 2.851611
v -0.755144 4.743873 2.851611
v -0.755144 4.515675 2.851611
v -0.755144 4.793309 3.140699
v -0.755144 4.743873 3.140699
v -0.755144 4.515675 3.140699
v 0.894262 5.164201 3.147507
v 0.894262 5.164201 2.851611
v 0.992801 5.164201 3.147507
v 0.992801 5.164201 2.851611
v 0.894262 4.515675 3.147507
v 0.894262 4.743873 3.147507
v 0.894262 4.793309 3.147507
v 0.894262 4.793309 2.851611
v 0.894262 4.743873 2.851611
v 0.894262 4.515675 2.851611
v 0.992801 4.793309 2.851611
v 0.992801 4.743873 2.851611
v 0.992801 4.515675 2.851611
v 0.992801 4.793309 3.147507
v 0.992801 4.743873 3.147507
v 0.992801 4.515675 3.147507
v 0.865050 5.164201 -3.082799
v 0.865050 5.164201 -3.021315
v 0.766511 5.164201 -3.082799
v 0.766511 5.164201 -3.021315
v 0.865050 4.515675 -3.082799
v 0.865050 4.743873 -3.082799
v 0.865050 4.793309 -3.082799
v 0.865050 4.793309 -3.021315
v 0.865050 4.743873 -3.021315
v 0.865050 4.515675 -3.021315
v 0.766511 4.793309 -3.021315
v 0.766511 4.743873 -3.021315
v 0.766511 4.515675 -3.021315
v 0.766511 4.793309 -3.082799
v 0.766511 4.743873 -3.082799
v 0.766511 4.515675 -3.082799
v 0.460968 4.793309 -3.021315
v 0.460968 4.743873 -3.021315
v 0.460969 4.793309 -3.082799
v 0.460969 4.743873 -3.082799
v 0.460969 4.515675 -3.021315
v 0.460969 4.515675 -3.082799
v 0.458519 4.443616 -3.082799
v -0.502423 4.793309 2.851611
v -0.502423 4.743873 2.851611
v -0.502423 4.793309 3.140699
v -0.502423 4.743873 3.140699
v -0.502424 4.515675 2.851611
v -0.502424 4.515675 3.140699
v -0.500173 4.443616 3.140699
v 1.810497 1.692729 3.127422
v 1.810497 2.452474 3.127423
v -1.799961 2.526999 3.127422
v -1.799961 1.953826 3.127422
v 1.810497 3.170721 3.127423
v -1.799961 3.228795 3.127422
v -0.005285 3.199928 3.127422
vt 0.229364 0.529335
vt 0.229364 0.532504
vt 0.228738 0.532511
vt 0.228738 0.529781
vt 0.479122 0.258487
vt 0.479122 0.262064
vt 0.478477 0.261521
vt 0.478477 0.258872
vt 0.238958 0.538738
vt 0.238958 0.536712
vt 0.239732 0.536712
vt 0.239732 0.538738
vt 0.493563 0.260849
vt 0.493563 0.258200
vt 0.494208 0.257657
vt 0.494208 0.261234
vt 0.229991 0.529781
vt 0.229991 0.532511
vt 0.229364 0.535749
vt 0.228738 0.535308
vt 0.475693 0.262755
vt 0.475938 0.262032
vt 0.238958 0.534645
vt 0.239732 0.534645
vt 0.491024 0.257688
vt 0.490779 0.256966
vt 0.229991 0.535308
vt 0.522050 0.260982
vt 0.522050 0.256966
vt 0.522676 0.257432
vt 0.522676 0.260892
vt 0.473574 0.259604
vt 0.474368 0.259699
vt 0.550640 0.262486
vt 0.550640 0.259917
vt 0.551414 0.259917
vt 0.551414 0.262486
vt 0.489454 0.260022
vt 0.488660 0.260117
vt 0.521424 0.260892
vt 0.521424 0.257432
vt 0.536129 0.256966
vt 0.536129 0.260930
vt 0.535503 0.260662
vt 0.535503 0.257245
vt 0.475693 0.256966
vt 0.475938 0.257746
vt 0.558947 0.262447
vt 0.558947 0.259917
vt 0.559721 0.259917
vt 0.559721 0.262447
vt 0.491024 0.261975
vt 0.490780 0.262755
vt 0.536756 0.257245
vt 0.536756 0.260662
vt 0.518802 0.256966
vt 0.518802 0.261374
vt 0.518176 0.261144
vt 0.518176 0.257345
vt 0.548645 0.259917
vt 0.548645 0.262732
vt 0.547871 0.262732
vt 0.547871 0.259917
vt 0.519428 0.257345
vt 0.519428 0.261144
vt 0.808206 0.796508
vt 0.810850 0.801255
vt 0.813773 0.810634
vt 0.813773 0.828536
vt 0.790159 0.828535
vt 0.790159 0.810633
vt 0.793082 0.801254
vt 0.795726 0.796508
vt 0.801966 0.793466
vt 0.697121 0.900027
vt 0.703242 0.900027
vt 0.703242 0.906374
vt 0.697121 0.906374
vt 0.677528 0.914950
vt 0.683649 0.914950
vt 0.683649 0.919210
vt 0.677528 0.919209
vt 0.677527 0.906161
vt 0.683649 0.906161
vt 0.677528 0.888482
vt 0.683649 0.888482
vt 0.569494 0.891582
vt 0.575615 0.891582
vt 0.575615 0.915772
vt 0.569494 0.915772
vt 0.557135 0.902913
vt 0.551013 0.902913
vt 0.551013 0.885219
vt 0.557135 0.885219
vt 0.557135 0.912639
vt 0.551013 0.912639
vt 0.557135 0.917742
vt 0.551013 0.917742
vt 0.703242 0.912812
vt 0.697121 0.912812
vt 0.061981 0.541101
vt 0.061981 0.541101
vt 0.061981 0.541101
vt 0.122939 0.728586
vt 0.102962 0.728586
vt 0.102962 0.710684
vt 0.100039 0.701305
vt 0.097395 0.696559
vt 0.091155 0.693517
vt 0.084915 0.696559
vt 0.082271 0.701305
vt 0.079348 0.710684
vt 0.079348 0.728586
vt 0.000998 0.728586
vt 0.572078 0.745981
vt 0.452021 0.745979
vt 0.452021 0.570580
vt 0.572078 0.570582
vt 0.583352 0.733440
vt 0.583352 0.691920
vt 0.612895 0.697692
vt 0.612234 0.733440
vt 0.050743 0.896361
vt 0.050743 0.884478
vt 0.060077 0.884478
vt 0.060077 0.896361
vt 0.482101 0.814692
vt 0.482101 0.783460
vt 0.491435 0.783460
vt 0.491435 0.814692
vt 0.482101 0.839291
vt 0.491435 0.839291
vt 0.482101 0.748025
vt 0.491435 0.748025
vt 0.050743 0.908059
vt 0.060077 0.908059
vt 0.570487 0.748025
vt 0.570486 0.783220
vt 0.561152 0.783219
vt 0.561153 0.748025
vt 0.570486 0.812680
vt 0.561152 0.812680
vt 0.570487 0.832952
vt 0.561153 0.832951
vt 0.082358 0.826015
vt 0.000998 0.826014
vt 0.000998 0.730630
vt 0.082358 0.730631
vt 0.287004 0.747326
vt 0.293593 0.755592
vt 0.295557 0.767873
vt 0.295557 0.783629
vt 0.258813 0.783629
vt 0.258813 0.767873
vt 0.260777 0.755592
vt 0.267365 0.747326
vt 0.277184 0.742347
vt 0.776319 0.926528
vt 0.773471 0.926528
vt 0.773397 0.916467
vt 0.776245 0.916468
vt 0.345311 0.899682
vt 0.342463 0.899683
vt 0.342472 0.891269
vt 0.345320 0.891268
vt 0.345313 0.912131
vt 0.342465 0.912132
vt 0.345320 0.928086
vt 0.342472 0.928088
vt 0.521571 0.909133
vt 0.518723 0.909133
vt 0.518723 0.871487
vt 0.521571 0.871487
vt 0.324425 0.914878
vt 0.327274 0.914877
vt 0.327279 0.930833
vt 0.324431 0.930834
vt 0.324424 0.902426
vt 0.327272 0.902425
vt 0.324431 0.894003
vt 0.327279 0.894002
vt 0.773471 0.906407
vt 0.776319 0.906407
vt 0.692161 0.740464
vt 0.698749 0.748730
vt 0.700714 0.761011
vt 0.700714 0.776767
vt 0.663970 0.776767
vt 0.663970 0.761011
vt 0.665933 0.748730
vt 0.672522 0.740464
vt 0.682341 0.735485
vt 0.771224 0.926528
vt 0.768376 0.926528
vt 0.768302 0.916467
vt 0.771150 0.916467
vt 0.902753 0.604070
vt 0.899905 0.604071
vt 0.899913 0.595657
vt 0.902761 0.595656
vt 0.902755 0.616519
vt 0.899906 0.616520
vt 0.902761 0.632475
vt 0.899913 0.632476
vt 0.674756 0.924037
vt 0.671908 0.924037
vt 0.671908 0.886392
vt 0.674756 0.886392
vt 0.329275 0.914878
vt 0.332123 0.914877
vt 0.332129 0.930833
vt 0.329280 0.930834
vt 0.329274 0.902426
vt 0.332122 0.902425
vt 0.329280 0.894003
vt 0.332129 0.894002
vt 0.768376 0.906407
vt 0.771224 0.906407
vt 0.258813 0.740303
vt 0.258813 0.694335
vt 0.274192 0.694334
vt 0.286178 0.692322
vt 0.294246 0.685572
vt 0.299106 0.675511
vt 0.294246 0.665451
vt 0.286178 0.658701
vt 0.274192 0.656689
vt 0.258813 0.656689
vt 0.258813 0.612681
vt 0.274192 0.612681
vt 0.286178 0.610668
vt 0.294246 0.603918
vt 0.299106 0.593858
vt 0.294246 0.583797
vt 0.286178 0.577047
vt 0.274192 0.575035
vt 0.258813 0.575036
vt 0.258813 0.529311
vt 0.400794 0.529307
vt 0.400794 0.740299
vt 0.000000 0.000000
vt 0.000000 0.000000
vt 0.000000 0.000000
vt 0.000000 0.000000
vt 0.000000 0.000000
vt 0.000000 0.000000
vt 0.154031 0.941625
vt 0.154031 0.730633
vt 0.181110 0.730632
vt 0.181110 0.941624
vt 0.601399 0.795960
vt 0.604042 0.800707
vt 0.606965 0.810085
vt 0.606965 0.827988
vt 0.583352 0.827988
vt 0.583352 0.810085
vt 0.586275 0.800706
vt 0.588918 0.795960
vt 0.595159 0.792918
vt 0.608961 0.900385
vt 0.616494 0.900385
vt 0.616494 0.906823
vt 0.608961 0.906823
vt 0.247513 0.896065
vt 0.255046 0.896065
vt 0.255046 0.901169
vt 0.247513 0.901169
vt 0.247513 0.886339
vt 0.255046 0.886339
vt 0.247513 0.868645
vt 0.255046 0.868645
vt 0.625231 0.888518
vt 0.632764 0.888518
vt 0.632764 0.912708
vt 0.625231 0.912708
vt 0.516728 0.889166
vt 0.509195 0.889166
vt 0.509195 0.871487
vt 0.516728 0.871488
vt 0.516728 0.897956
vt 0.509195 0.897955
vt 0.516728 0.902215
vt 0.509195 0.902215
vt 0.616494 0.913170
vt 0.608961 0.913170
vt 0.392792 0.784149
vt 0.395436 0.788896
vt 0.398359 0.798275
vt 0.398359 0.816177
vt 0.374745 0.816177
vt 0.374745 0.798275
vt 0.377668 0.788896
vt 0.380312 0.784149
vt 0.386552 0.781107
vt 0.541455 0.898773
vt 0.548988 0.898773
vt 0.548988 0.905211
vt 0.541455 0.905211
vt 0.215653 0.896071
vt 0.223186 0.896071
vt 0.223186 0.901175
vt 0.215653 0.901175
vt 0.215653 0.886346
vt 0.223186 0.886346
vt 0.215653 0.868651
vt 0.223186 0.868651
vt 0.636757 0.888517
vt 0.644290 0.888517
vt 0.644290 0.912707
vt 0.636757 0.912707
vt 0.500963 0.890934
vt 0.493430 0.890934
vt 0.493431 0.873255
vt 0.500964 0.873256
vt 0.500964 0.899724
vt 0.493431 0.899723
vt 0.500964 0.903983
vt 0.493431 0.903983
vt 0.548988 0.911558
vt 0.541455 0.911558
vt 0.185723 0.541101
vt 0.185723 0.541101
vt 0.185723 0.541101
vt 0.246487 0.728588
vt 0.226260 0.728588
vt 0.226260 0.710686
vt 0.223337 0.701307
vt 0.220693 0.696560
vt 0.214453 0.693518
vt 0.208213 0.696560
vt 0.205569 0.701307
vt 0.202646 0.710686
vt 0.202646 0.728588
vt 0.168136 0.728588
vt 0.168136 0.710686
vt 0.165213 0.701307
vt 0.162569 0.696560
vt 0.156329 0.693518
vt 0.150089 0.696560
vt 0.147445 0.701307
vt 0.144522 0.710686
vt 0.144523 0.728588
vt 0.124934 0.728588
vt 0.653422 0.740469
vt 0.660011 0.748742
vt 0.661975 0.761033
vt 0.661975 0.776804
vt 0.625231 0.776804
vt 0.625231 0.761033
vt 0.627195 0.748742
vt 0.633783 0.740469
vt 0.643603 0.735485
vt 0.569091 0.834996
vt 0.571938 0.834996
vt 0.571864 0.845057
vt 0.569017 0.845057
vt 0.907605 0.604079
vt 0.904756 0.604080
vt 0.904763 0.595657
vt 0.907611 0.595656
vt 0.907606 0.616531
vt 0.904758 0.616532
vt 0.907611 0.632486
vt 0.904763 0.632487
vt 0.012848 0.870491
vt 0.015696 0.870491
vt 0.015696 0.908137
vt 0.012848 0.908137
vt 0.657490 0.909611
vt 0.660338 0.909610
vt 0.660345 0.925566
vt 0.657497 0.925567
vt 0.657488 0.897163
vt 0.660337 0.897161
vt 0.657497 0.888749
vt 0.660345 0.888747
vt 0.571938 0.855117
vt 0.569091 0.855117
vt 0.574494 0.219042
vt 0.581082 0.227316
vt 0.583046 0.239607
vt 0.583046 0.255377
vt 0.546302 0.255377
vt 0.546303 0.239607
vt 0.548267 0.227316
vt 0.554855 0.219042
vt 0.564675 0.214059
vt 0.229285 0.907285
vt 0.232133 0.907285
vt 0.232059 0.917346
vt 0.229211 0.917346
vt 0.580459 0.900006
vt 0.577611 0.900006
vt 0.577617 0.891583
vt 0.580465 0.891582
vt 0.580460 0.912457
vt 0.577612 0.912458
vt 0.580465 0.928413
vt 0.577617 0.928414
vt 0.505807 0.910901
vt 0.502959 0.910901
vt 0.502959 0.873255
vt 0.505807 0.873255
vt 0.902986 0.570266
vt 0.905834 0.570265
vt 0.905841 0.586221
vt 0.902993 0.586222
vt 0.902984 0.557817
vt 0.905832 0.557816
vt 0.902993 0.549403
vt 0.905841 0.549402
vt 0.232133 0.927406
vt 0.229285 0.927406
vt 0.608141 0.001023
vt 0.608141 0.046988
vt 0.592748 0.046988
vt 0.580751 0.049000
vt 0.572676 0.055750
vt 0.567812 0.065810
vt 0.572676 0.075871
vt 0.580751 0.082621
vt 0.592748 0.084633
vt 0.608141 0.084633
vt 0.608141 0.128641
vt 0.592748 0.128641
vt 0.580751 0.130653
vt 0.572676 0.137403
vt 0.567812 0.147464
vt 0.572676 0.157524
vt 0.580751 0.164274
vt 0.592748 0.166287
vt 0.608141 0.166287
vt 0.608141 0.212015
vt 0.466035 0.212014
vt 0.466035 0.001022
vt 0.000000 0.000000
vt 0.000000 0.000000
vt 0.000000 0.000000
vt 0.000000 0.000000
vt 0.000000 0.000000
vt 0.000000 0.000000
vt 0.152036 0.730632
vt 0.152036 0.941624
vt 0.124934 0.941624
vt 0.124934 0.730632
vt 0.866802 0.079149
vt 0.815609 0.079163
vt 0.816635 0.001022
vt 0.866782 0.001022
vt 0.000000 0.000000
vt 0.000000 0.000000
vt 0.000000 0.000000
vt 0.000000 0.000000
vt 0.429948 0.501712
vt 0.429931 0.290720
vt 0.429933 0.265169
vt 0.450026 0.265167
vt 0.450006 0.527261
vt 0.429945 0.527263
vt 0.827059 0.449147
vt 0.827059 0.527271
vt 0.771285 0.527264
vt 0.769711 0.449140
vt 0.256818 0.001024
vt 0.256814 0.021629
vt 0.231875 0.021629
vt 0.025937 0.021594
vt 0.000998 0.021594
vt 0.001001 0.001022
vt 0.258856 0.501712
vt 0.258853 0.527263
vt 0.764550 0.343303
vt 0.766124 0.265167
vt 0.771285 0.265169
vt 0.769711 0.343306
vt 0.025939 0.216411
vt 0.231877 0.216411
vt 0.256816 0.216411
vt 0.256818 0.273306
vt 0.180553 0.274914
vt 0.077255 0.274914
vt 0.001001 0.273307
vt 0.000999 0.216411
vt 0.435337 0.607449
vt 0.436540 0.529307
vt 0.443190 0.529310
vt 0.441904 0.607454
vt 0.910842 0.717449
vt 0.904403 0.713994
vt 0.929873 0.646906
vt 0.936313 0.650362
vt 0.870470 0.861873
vt 0.893756 0.665766
vt 0.902408 0.646906
vt 0.876965 0.858303
vt 0.927584 0.910122
vt 0.936313 0.928945
vt 0.902408 0.925403
vt 0.895913 0.928973
vt 0.815863 0.765859
vt 0.815905 0.791410
vt 0.765642 0.791422
vt 0.764594 0.713283
vt 0.764550 0.607450
vt 0.765600 0.529327
vt 0.815863 0.529315
vt 0.815905 0.554867
vt 0.258813 0.290720
vt 0.258815 0.265169
vt 0.737773 0.914235
vt 0.714677 0.718034
vt 0.721172 0.721604
vt 0.746611 0.933004
vt 0.902984 0.480226
vt 0.926328 0.284065
vt 0.934901 0.265167
vt 0.909537 0.476547
vt 0.740116 0.650934
vt 0.746611 0.654504
vt 0.934901 0.543678
vt 0.928347 0.547358
vt 0.120949 0.768276
vt 0.120949 0.730630
vt 0.122894 0.730631
vt 0.122894 0.768276
vt 0.122448 0.810010
vt 0.122448 0.847655
vt 0.120949 0.847655
vt 0.120949 0.810010
vt 0.605853 0.251704
vt 0.605853 0.214059
vt 0.607798 0.214059
vt 0.607798 0.251704
vt 0.712085 0.826537
vt 0.712085 0.864182
vt 0.710586 0.864182
vt 0.710586 0.826537
vt 0.491303 0.841335
vt 0.491303 0.878981
vt 0.489808 0.878981
vt 0.489808 0.841335
vt 0.120949 0.807966
vt 0.120949 0.770320
vt 0.122887 0.770320
vt 0.122887 0.807966
vt 0.322327 0.835871
vt 0.322327 0.873517
vt 0.320832 0.873517
vt 0.320832 0.835871
vt 0.712524 0.786847
vt 0.712524 0.824493
vt 0.710586 0.824493
vt 0.710586 0.786847
vt 0.235233 0.532600
vt 0.235233 0.529335
vt 0.238383 0.529335
vt 0.238383 0.532600
vt 0.312232 0.927388
vt 0.312232 0.897613
vt 0.315418 0.897613
vt 0.315418 0.927388
vt 0.320601 0.927384
vt 0.317414 0.927384
vt 0.317414 0.897613
vt 0.320601 0.897613
vt 0.539460 0.928544
vt 0.536272 0.928544
vt 0.536272 0.898773
vt 0.539460 0.898773
vt 0.243525 0.529335
vt 0.243525 0.532600
vt 0.240378 0.532601
vt 0.240378 0.529335
vt 0.278189 0.923961
vt 0.278189 0.894186
vt 0.281376 0.894186
vt 0.281376 0.923961
vt 0.009367 0.927793
vt 0.006180 0.927793
vt 0.006180 0.898022
vt 0.009367 0.898022
vt 0.004185 0.927794
vt 0.000998 0.927794
vt 0.000998 0.898022
vt 0.004185 0.898022
vt 0.874650 0.638594
vt 0.874650 0.542981
vt 0.877465 0.542981
vt 0.877465 0.638594
vt 0.864790 0.637399
vt 0.861603 0.637399
vt 0.861603 0.542981
vt 0.864790 0.542981
vt 0.705404 0.786847
vt 0.708591 0.786847
vt 0.708591 0.881348
vt 0.705404 0.881348
vt 0.208597 0.537039
vt 0.208597 0.538956
vt 0.207009 0.538956
vt 0.207009 0.537039
vt 0.530261 0.258859
vt 0.528464 0.260096
vt 0.528464 0.256966
vt 0.530261 0.256966
vt 0.241728 0.534645
vt 0.243525 0.534645
vt 0.243525 0.537777
vt 0.241728 0.536539
vt 0.543107 0.258827
vt 0.541520 0.258808
vt 0.541520 0.256966
vt 0.543107 0.256986
vt 0.232612 0.535749
vt 0.232612 0.532580
vt 0.233238 0.532572
vt 0.233238 0.535303
vt 0.468152 0.256966
vt 0.471578 0.257656
vt 0.470934 0.258200
vt 0.468397 0.257689
vt 0.539525 0.256966
vt 0.539525 0.258993
vt 0.538751 0.258993
vt 0.538751 0.256966
vt 0.486020 0.260849
vt 0.486020 0.258200
vt 0.486665 0.257657
vt 0.486665 0.261234
vt 0.231986 0.535303
vt 0.231986 0.532572
vt 0.232612 0.529335
vt 0.233238 0.529776
vt 0.471578 0.261237
vt 0.470934 0.260851
vt 0.539525 0.261060
vt 0.538751 0.261060
vt 0.483480 0.257688
vt 0.483236 0.256966
vt 0.231986 0.529776
vt 0.235859 0.538660
vt 0.235859 0.534645
vt 0.236485 0.535110
vt 0.236485 0.538571
vt 0.468152 0.262760
vt 0.468397 0.261979
vt 0.553409 0.262486
vt 0.553409 0.259917
vt 0.554183 0.259917
vt 0.554183 0.262486
vt 0.481911 0.260022
vt 0.481117 0.260117
vt 0.235233 0.538570
vt 0.235233 0.535110
vt 0.532882 0.256966
vt 0.532882 0.260930
vt 0.532256 0.260662
vt 0.532256 0.257245
vt 0.466035 0.260120
vt 0.466829 0.260024
vt 0.556952 0.259917
vt 0.556952 0.262447
vt 0.556178 0.262447
vt 0.556178 0.259917
vt 0.483480 0.261975
vt 0.483236 0.262755
vt 0.533508 0.257245
vt 0.533508 0.260662
vt 0.246146 0.529335
vt 0.246146 0.533743
vt 0.245520 0.533513
vt 0.245520 0.529714
vt 0.545876 0.259917
vt 0.545876 0.262732
vt 0.545102 0.262732
vt 0.545102 0.259917
vt 0.246772 0.529714
vt 0.246772 0.533513
vt 0.203427 0.538956
vt 0.203427 0.537039
vt 0.205014 0.537039
vt 0.205014 0.538956
vt 0.524671 0.258203
vt 0.526468 0.256966
vt 0.526468 0.260096
vt 0.524671 0.260096
vt 0.245520 0.535787
vt 0.247318 0.535787
vt 0.247318 0.538920
vt 0.245520 0.537682
vt 0.543107 0.262732
vt 0.541520 0.262713
vt 0.541520 0.260871
vt 0.543107 0.260891
vt 0.644325 0.177479
vt 0.644325 0.251355
vt 0.611443 0.251355
vt 0.610136 0.177479
vt 0.222239 0.453415
vt 0.222239 0.527291
vt 0.189323 0.527291
vt 0.188012 0.453415
vt 0.555917 0.786350
vt 0.548712 0.784654
vt 0.551952 0.748025
vt 0.559157 0.749721
vt 0.536272 0.790136
vt 0.543477 0.788440
vt 0.546717 0.825070
vt 0.539512 0.826766
vt 0.713014 0.177479
vt 0.713014 0.251355
vt 0.680412 0.251355
vt 0.679314 0.177479
vt 0.755927 0.724811
vt 0.748606 0.724811
vt 0.749266 0.650934
vt 0.756587 0.650934
vt 0.824554 0.603191
vt 0.817900 0.603192
vt 0.819540 0.529316
vt 0.826194 0.529315
vt 0.781159 0.177479
vt 0.781159 0.251355
vt 0.748594 0.251355
vt 0.747498 0.177479
vt 0.518586 0.786490
vt 0.511378 0.784810
vt 0.514621 0.748025
vt 0.521830 0.749704
vt 0.523825 0.790261
vt 0.531034 0.788582
vt 0.534277 0.825368
vt 0.527069 0.827047
vt 0.501816 0.840863
vt 0.493430 0.840007
vt 0.496424 0.805017
vt 0.504993 0.804435
vt 0.879460 0.619781
vt 0.884279 0.619859
vt 0.884280 0.643850
vt 0.879461 0.643773
vt 0.598732 0.891695
vt 0.593913 0.891776
vt 0.593914 0.868752
vt 0.598733 0.868672
vt 0.608961 0.824124
vt 0.617346 0.823269
vt 0.620523 0.859701
vt 0.611954 0.859118
vt 0.591918 0.881821
vt 0.583705 0.879569
vt 0.583352 0.830657
vt 0.591918 0.830032
vt 0.866786 0.603911
vt 0.871604 0.604011
vt 0.871604 0.641155
vt 0.866786 0.641055
vt 0.897910 0.630909
vt 0.893091 0.631015
vt 0.893091 0.595762
vt 0.897910 0.595656
vt 0.524178 0.831343
vt 0.532391 0.829091
vt 0.532391 0.880888
vt 0.523825 0.880262
vt 0.215653 0.831030
vt 0.224039 0.830175
vt 0.227216 0.866607
vt 0.218647 0.866024
vt 0.340468 0.920774
vt 0.335649 0.920838
vt 0.335649 0.891331
vt 0.340468 0.891268
vt 0.379564 0.919837
vt 0.374745 0.919776
vt 0.374745 0.889131
vt 0.379564 0.889192
vt 0.251154 0.836253
vt 0.242768 0.835397
vt 0.245762 0.800406
vt 0.254331 0.799824
vt 0.237596 0.836253
vt 0.229211 0.835397
vt 0.232204 0.800406
vt 0.240773 0.799824
vt 0.655493 0.919454
vt 0.650674 0.919393
vt 0.650674 0.888747
vt 0.655493 0.888808
vt 0.893761 0.543045
vt 0.898580 0.542981
vt 0.898580 0.572488
vt 0.893761 0.572552
vt 0.435337 0.824654
vt 0.443723 0.823799
vt 0.446900 0.860232
vt 0.438331 0.859648
vt 0.290712 0.821624
vt 0.293953 0.853794
vt 0.287663 0.854540
vt 0.284422 0.822370
vt 0.683817 0.853523
vt 0.687058 0.885692
vt 0.680768 0.886438
vt 0.677527 0.854268
vt 0.643046 0.850523
vt 0.646287 0.886473
vt 0.639998 0.885728
vt 0.636757 0.849778
vt 0.496204 0.262819
vt 0.496204 0.256967
vt 0.501566 0.256966
vt 0.501566 0.262819
vt 0.311130 0.865777
vt 0.305417 0.865777
vt 0.305417 0.835871
vt 0.311130 0.835871
vt 0.381035 0.851136
vt 0.384276 0.887087
vt 0.377986 0.886341
vt 0.374745 0.850391
vt 0.503561 0.262819
vt 0.503561 0.256967
vt 0.508923 0.256966
vt 0.508923 0.262819
vt 0.318837 0.865777
vt 0.313125 0.865777
vt 0.313125 0.835871
vt 0.318837 0.835871
vt 0.392561 0.854172
vt 0.395802 0.886342
vt 0.389512 0.887087
vt 0.386271 0.854918
vt 0.656964 0.811763
vt 0.660205 0.847713
vt 0.653915 0.846968
vt 0.650674 0.811017
vt 0.201431 0.535621
vt 0.195719 0.535621
vt 0.195719 0.529335
vt 0.201431 0.529335
vt 0.482101 0.870735
vt 0.487813 0.870735
vt 0.487813 0.900019
vt 0.482101 0.900019
vt 0.631521 0.853559
vt 0.634761 0.885729
vt 0.628472 0.886474
vt 0.625231 0.854304
vt 0.822058 0.826381
vt 0.825299 0.862332
vt 0.819009 0.861586
vt 0.815768 0.825636
vt 0.193724 0.535621
vt 0.188012 0.535621
vt 0.188012 0.529335
vt 0.193724 0.529335
vt 0.695126 0.876923
vt 0.689413 0.876923
vt 0.689413 0.847639
vt 0.695126 0.847639
vt 0.113429 0.730631
vt 0.118954 0.730630
vt 0.118954 0.925595
vt 0.113429 0.925595
vt 0.574074 0.748663
vt 0.574074 0.570580
vt 0.579599 0.570580
vt 0.579598 0.748663
vt 0.327065 0.776357
vt 0.357615 0.776357
vt 0.360257 0.779063
vt 0.324424 0.779063
vt 0.924955 0.001022
vt 0.903747 0.197376
vt 0.897874 0.197205
vt 0.917440 0.017737
vt 0.898588 0.200348
vt 0.903747 0.197376
vt 0.924955 0.251268
vt 0.919795 0.254239
vt 0.579598 0.751484
vt 0.574074 0.751484
vt 0.000000 0.000000
vt 0.000000 0.000000
vt 0.000000 0.000000
vt 0.000000 0.000000
vt 0.362306 0.901072
vt 0.367830 0.901071
vt 0.367832 0.905355
vt 0.362307 0.905356
vt 0.579599 0.797344
vt 0.574074 0.797344
vt 0.297552 0.835871
vt 0.303422 0.836650
vt 0.303422 0.894756
vt 0.297552 0.893977
vt 0.362307 0.855012
vt 0.367832 0.855011
vt 0.249760 0.529335
vt 0.255284 0.529335
vt 0.255284 0.724299
vt 0.249760 0.724300
vt 0.705404 0.736122
vt 0.705405 0.558039
vt 0.710929 0.558039
vt 0.710928 0.736122
vt 0.932824 0.057884
vt 0.954031 0.254235
vt 0.946517 0.237520
vt 0.926950 0.058055
vt 0.927664 0.054912
vt 0.932824 0.057884
vt 0.574074 0.800168
vt 0.579943 0.799388
vt 0.579943 0.857495
vt 0.574074 0.858274
vt 0.710928 0.738943
vt 0.705404 0.738943
vt 0.000000 0.000000
vt 0.000000 0.000000
vt 0.000000 0.000000
vt 0.000000 0.000000
vt 0.697121 0.893699
vt 0.702645 0.893699
vt 0.702647 0.897983
vt 0.697122 0.897983
vt 0.710929 0.784803
vt 0.705405 0.784803
vt 0.948872 0.001022
vt 0.954031 0.003993
vt 0.697122 0.847639
vt 0.702647 0.847639
vt 0.465066 0.923855
vt 0.459541 0.923856
vt 0.459541 0.748025
vt 0.465066 0.748025
vt 0.474581 0.908373
vt 0.474581 0.748025
vt 0.480106 0.748025
vt 0.480106 0.908374
vt 0.111434 0.730630
vt 0.090227 0.926983
vt 0.084353 0.926812
vt 0.103919 0.747345
vt 0.445185 0.740299
vt 0.445185 0.529307
vt 0.448126 0.529307
vt 0.448126 0.740299
vt 0.085067 0.929954
vt 0.090227 0.926983
vt 0.111434 0.980874
vt 0.106275 0.983845
vt 0.480106 0.910580
vt 0.474581 0.910579
vt 0.000000 0.000000
vt 0.000000 0.000000
vt 0.000000 0.000000
vt 0.000000 0.000000
vt 0.208690 0.529335
vt 0.208690 0.534995
vt 0.203427 0.534995
vt 0.203427 0.529335
vt 0.787769 0.910863
vt 0.782244 0.910863
vt 0.782244 0.869220
vt 0.787769 0.869220
vt 0.567021 0.893881
vt 0.561152 0.893102
vt 0.561152 0.834996
vt 0.567021 0.835775
vt 0.025211 0.870482
vt 0.030735 0.870481
vt 0.030735 0.912028
vt 0.025211 0.912028
vt 0.874671 0.057884
vt 0.895878 0.254237
vt 0.888364 0.237522
vt 0.868797 0.058055
vt 0.452021 0.748025
vt 0.457546 0.748025
vt 0.457546 0.923855
vt 0.452021 0.923856
vt 0.869511 0.054913
vt 0.874671 0.057884
vt 0.866786 0.543760
vt 0.872655 0.542981
vt 0.872655 0.601088
vt 0.866786 0.601867
vt 0.467061 0.908373
vt 0.472586 0.908374
vt 0.472586 0.910580
vt 0.467061 0.910579
vt 0.000000 0.000000
vt 0.000000 0.000000
vt 0.000000 0.000000
vt 0.000000 0.000000
vt 0.761523 0.650934
vt 0.761523 0.861926
vt 0.758582 0.861926
vt 0.758582 0.650934
vt 0.510918 0.262627
vt 0.510918 0.256966
vt 0.516181 0.256966
vt 0.516181 0.262627
vt 0.606253 0.910315
vt 0.600728 0.910315
vt 0.600728 0.868672
vt 0.606253 0.868672
vt 0.890719 0.001022
vt 0.895878 0.003993
vt 0.023216 0.912028
vt 0.017691 0.912028
vt 0.017691 0.870482
vt 0.023216 0.870481
vt 0.714677 0.466762
vt 0.762555 0.466762
vt 0.761830 0.648890
vt 0.715405 0.648890
vt 0.402789 0.726710
vt 0.433342 0.726710
vt 0.433342 0.906834
vt 0.402789 0.906835
vt 0.829054 0.465126
vt 0.859607 0.465127
vt 0.859608 0.644862
vt 0.829055 0.644861
vt 0.648679 0.778848
vt 0.648679 0.815564
vt 0.625231 0.815564
vt 0.625231 0.778848
vt 0.357615 0.745054
vt 0.360257 0.742347
vt 0.327065 0.745054
vt 0.324424 0.742347
vt 0.398083 0.742347
vt 0.398083 0.779063
vt 0.389852 0.770629
vt 0.389852 0.750781
vt 0.349595 0.817824
vt 0.349595 0.781108
vt 0.372750 0.781107
vt 0.372750 0.817823
vt 0.324424 0.817823
vt 0.324424 0.781107
vt 0.347600 0.781107
vt 0.347600 0.817823
vt 0.687418 0.778811
vt 0.687418 0.815527
vt 0.663970 0.815528
vt 0.663970 0.778812
vt 0.362252 0.779063
vt 0.362252 0.742347
vt 0.370483 0.750781
vt 0.370483 0.770629
vt 0.272236 0.789181
vt 0.268959 0.789180
vt 0.268959 0.785673
vt 0.272236 0.785674
vt 0.272236 0.802693
vt 0.268959 0.802692
vt 0.268959 0.800287
vt 0.272236 0.800287
vt 0.272236 0.820743
vt 0.268959 0.820743
vt 0.242676 0.925126
vt 0.239400 0.925126
vt 0.239400 0.907285
vt 0.242676 0.907285
vt 0.209464 0.924494
vt 0.209464 0.914054
vt 0.212741 0.914054
vt 0.212741 0.924494
vt 0.502959 0.912945
vt 0.506236 0.912945
vt 0.506236 0.923922
vt 0.502959 0.923922
vt 0.394820 0.925344
vt 0.391543 0.925344
vt 0.391543 0.907519
vt 0.394820 0.907519
vt 0.640033 0.925146
vt 0.636757 0.925146
vt 0.636757 0.914751
vt 0.640033 0.914751
vt 0.186382 0.925022
vt 0.183105 0.925022
vt 0.183105 0.914054
vt 0.186382 0.914055
vt 0.258813 0.802692
vt 0.258813 0.800286
vt 0.445881 0.914951
vt 0.449158 0.914951
vt 0.449158 0.925344
vt 0.445881 0.925344
vt 0.202197 0.914054
vt 0.202197 0.924494
vt 0.198921 0.924494
vt 0.198920 0.914054
vt 0.282427 0.785674
vt 0.282427 0.789181
vt 0.612237 0.925608
vt 0.608961 0.925608
vt 0.608961 0.915214
vt 0.612237 0.915214
vt 0.258813 0.789180
vt 0.258813 0.785673
vt 0.020968 0.914073
vt 0.020968 0.924512
vt 0.017691 0.924512
vt 0.017691 0.914073
vt 0.777973 0.796973
vt 0.774696 0.796973
vt 0.774696 0.793466
vt 0.777973 0.793466
vt 0.777973 0.810485
vt 0.774696 0.810485
vt 0.774696 0.808079
vt 0.777973 0.808079
vt 0.777973 0.828536
vt 0.774696 0.828536
vt 0.237404 0.925126
vt 0.234128 0.925126
vt 0.234128 0.907285
vt 0.237404 0.907285
vt 0.622161 0.914420
vt 0.622161 0.924859
vt 0.618885 0.924859
vt 0.618885 0.914420
vt 0.893091 0.633059
vt 0.896368 0.633059
vt 0.896368 0.644036
vt 0.893091 0.644036
vt 0.365583 0.925225
vt 0.362306 0.925225
vt 0.362306 0.907400
vt 0.365583 0.907400
vt 0.628507 0.925146
vt 0.625231 0.925146
vt 0.625231 0.914752
vt 0.628507 0.914752
vt 0.544731 0.924570
vt 0.541455 0.924570
vt 0.541455 0.913602
vt 0.544731 0.913602
vt 0.764550 0.810485
vt 0.764550 0.808079
vt 0.443886 0.925344
vt 0.440609 0.925344
vt 0.440609 0.914951
vt 0.443886 0.914951
vt 0.207469 0.914054
vt 0.207469 0.924494
vt 0.204192 0.924494
vt 0.204192 0.914054
vt 0.788164 0.793467
vt 0.788164 0.796974
vt 0.697121 0.914857
vt 0.700397 0.914857
vt 0.700397 0.925250
vt 0.697121 0.925250
vt 0.764550 0.796973
vt 0.764550 0.793466
vt 0.026239 0.914073
vt 0.026239 0.924512
vt 0.022963 0.924512
vt 0.022963 0.914073
vt 0.307743 0.830320
vt 0.311020 0.830320
vt 0.311020 0.833827
vt 0.307743 0.833827
vt 0.307743 0.816808
vt 0.311020 0.816808
vt 0.311020 0.819214
vt 0.307743 0.819214
vt 0.307743 0.798758
vt 0.311020 0.798758
vt 0.389548 0.925344
vt 0.386271 0.925344
vt 0.386271 0.907519
vt 0.389548 0.907519
vt 0.062072 0.925021
vt 0.062072 0.914582
vt 0.065349 0.914582
vt 0.065349 0.925021
vt 0.191654 0.925022
vt 0.188377 0.925022
vt 0.188377 0.914054
vt 0.191654 0.914055
vt 0.893761 0.574596
vt 0.897038 0.574596
vt 0.897038 0.592437
vt 0.893761 0.592437
vt 0.633779 0.925146
vt 0.630503 0.925146
vt 0.630503 0.914752
vt 0.633779 0.914752
vt 0.785521 0.923884
vt 0.782244 0.923884
vt 0.782244 0.912907
vt 0.785521 0.912907
vt 0.321166 0.816808
vt 0.321166 0.819214
vt 0.215653 0.915236
vt 0.218930 0.915236
vt 0.218930 0.925630
vt 0.215653 0.925630
vt 0.196925 0.914054
vt 0.196925 0.924494
vt 0.193649 0.924494
vt 0.193649 0.914054
vt 0.297552 0.833827
vt 0.297552 0.830320
vt 0.435337 0.914951
vt 0.438614 0.914951
vt 0.438614 0.925344
vt 0.435337 0.925344
vt 0.321166 0.830320
vt 0.321166 0.833827
vt 0.028235 0.924512
vt 0.028235 0.914073
vt 0.031511 0.914073
vt 0.031511 0.924512
vt 0.062072 0.912538
vt 0.062072 0.884478
vt 0.069679 0.884478
vt 0.069679 0.912538
vt 0.811425 0.902707
vt 0.803497 0.902707
vt 0.803497 0.873487
vt 0.811425 0.873487
vt 0.258813 0.886140
vt 0.258813 0.858080
vt 0.269379 0.857930
vt 0.269379 0.887150
vt 0.569494 0.889388
vt 0.569494 0.861329
vt 0.579943 0.860318
vt 0.579943 0.889538
vt 0.602986 0.262215
vt 0.595328 0.261278
vt 0.595012 0.249203
vt 0.602986 0.250179
vt 0.815768 0.899518
vt 0.815768 0.864376
vt 0.823375 0.864376
vt 0.823375 0.899518
vt 0.608961 0.861745
vt 0.616889 0.861745
vt 0.616889 0.898341
vt 0.608961 0.898341
vt 0.777586 0.866165
vt 0.777586 0.831023
vt 0.788603 0.830580
vt 0.788603 0.867176
vt 0.790599 0.866733
vt 0.790599 0.831591
vt 0.801501 0.830580
vt 0.801501 0.867176
vt 0.490132 0.914039
vt 0.482420 0.914020
vt 0.482101 0.902063
vt 0.490132 0.902083
vt 0.523825 0.915634
vt 0.523825 0.882933
vt 0.530677 0.882932
vt 0.530677 0.915633
vt 0.801501 0.903081
vt 0.794345 0.903081
vt 0.794345 0.869220
vt 0.801501 0.869220
vt 0.335649 0.889224
vt 0.335649 0.856523
vt 0.344554 0.855012
vt 0.344554 0.888873
vt 0.280196 0.859441
vt 0.280196 0.892142
vt 0.271375 0.891792
vt 0.271375 0.857930
vt 0.247829 0.904237
vt 0.255477 0.903213
vt 0.255477 0.913267
vt 0.247513 0.914334
vt 0.764550 0.904363
vt 0.764550 0.869220
vt 0.771402 0.869220
vt 0.771402 0.904362
vt 0.236367 0.905241
vt 0.229211 0.905241
vt 0.229211 0.868645
vt 0.236367 0.868645
vt 0.650674 0.886703
vt 0.650674 0.851561
vt 0.659991 0.849757
vt 0.659991 0.886353
vt 0.333654 0.856816
vt 0.333654 0.891958
vt 0.324424 0.891608
vt 0.324424 0.855012
vt 0.223461 0.913192
vt 0.215749 0.913192
vt 0.215653 0.903219
vt 0.223685 0.903219
vt 0.355538 0.886275
vt 0.355538 0.919379
vt 0.349595 0.919379
vt 0.349595 0.886275
vt 0.343240 0.852968
vt 0.324424 0.852968
vt 0.324424 0.819868
vt 0.343240 0.819868
vt 0.277629 0.855886
vt 0.258813 0.855886
vt 0.258813 0.822787
vt 0.277629 0.822787
vt 0.284422 0.915908
vt 0.284422 0.887848
vt 0.291274 0.887848
vt 0.291274 0.915907
vt 0.078830 0.913698
vt 0.071675 0.913698
vt 0.071675 0.884478
vt 0.078830 0.884478
vt 0.349595 0.883221
vt 0.349595 0.855161
vt 0.360311 0.855011
vt 0.360311 0.884231
vt 0.295055 0.856734
vt 0.295055 0.884793
vt 0.284422 0.885804
vt 0.284422 0.856584
vt 0.593016 0.262215
vt 0.585358 0.261278
vt 0.585042 0.249203
vt 0.593016 0.250179
vt 0.780249 0.869220
vt 0.780249 0.904362
vt 0.773397 0.904363
vt 0.773397 0.869220
vt 0.245518 0.905241
vt 0.238362 0.905241
vt 0.238362 0.868645
vt 0.245518 0.868645
vt 0.605040 0.831042
vt 0.605040 0.866185
vt 0.593913 0.866628
vt 0.593913 0.830032
vt 0.764550 0.866733
vt 0.764550 0.831591
vt 0.775591 0.830580
vt 0.775591 0.867176
vt 0.823799 0.913538
vt 0.816087 0.913519
vt 0.815768 0.901562
vt 0.823799 0.901582
vt 0.663970 0.919496
vt 0.663970 0.886392
vt 0.669913 0.886392
vt 0.669913 0.919496
vt 0.603857 0.247159
vt 0.585042 0.247159
vt 0.585042 0.214059
vt 0.603858 0.214059
vt 0.349595 0.819868
vt 0.368411 0.819868
vt 0.368411 0.852967
vt 0.349595 0.852967
vt 0.311130 0.895568
vt 0.305417 0.895568
vt 0.646287 0.818353
vt 0.639998 0.817608
vt 0.293953 0.785673
vt 0.287663 0.786419
vt 0.695126 0.906323
vt 0.689413 0.906323
vt 0.825299 0.794212
vt 0.819009 0.793466
vt 0.634761 0.817608
vt 0.628472 0.818354
vt 0.482101 0.841335
vt 0.487813 0.841335
vt 0.660205 0.779593
vt 0.653915 0.778848
vt 0.395802 0.818221
vt 0.389512 0.818967
vt 0.318837 0.895568
vt 0.313125 0.895568
vt 0.384276 0.818967
vt 0.377986 0.818221
vt 0.687058 0.817572
vt 0.680768 0.818317
vt 0.539512 0.749721
vt 0.546717 0.748025
vt 0.559157 0.826765
vt 0.551952 0.825069
vt 0.255284 0.453415
vt 0.255284 0.527291
vt 0.677319 0.177479
vt 0.677319 0.251355
vt 0.527069 0.749704
vt 0.534277 0.748025
vt 0.521830 0.827047
vt 0.514621 0.825367
vt 0.813595 0.177479
vt 0.813595 0.251355
vt 0.745503 0.177479
vt 0.745503 0.251355
vt 0.436791 0.791402
vt 0.435443 0.713283
vt 0.441926 0.713288
vt 0.443190 0.791404
vt 0.866802 0.263117
vt 0.816655 0.263117
vt 0.815590 0.184997
vt 0.866782 0.184983
vt 0.766124 0.527261
vt 0.764550 0.449136
vt 0.827059 0.265177
vt 0.827059 0.343314
vt 0.677319 0.001022
vt 0.677319 0.074898
vt 0.644325 0.074898
vt 0.644325 0.001022
vt 0.255284 0.276958
vt 0.255284 0.350834
vt 0.222239 0.350834
vt 0.222239 0.276958
vt 0.826194 0.779648
vt 0.819540 0.779648
vt 0.817900 0.705772
vt 0.824554 0.705772
vt 0.188012 0.350834
vt 0.189323 0.276958
vt 0.610136 0.074898
vt 0.611443 0.001022
vt 0.745503 0.001022
vt 0.745503 0.074898
vt 0.713014 0.074898
vt 0.713014 0.001022
vt 0.813595 0.001022
vt 0.813595 0.074898
vt 0.781159 0.074898
vt 0.781159 0.001022
vt 0.747498 0.074898
vt 0.748594 0.001022
vt 0.756587 0.901267
vt 0.749266 0.901267
vt 0.748606 0.827391
vt 0.755927 0.827391
vt 0.679314 0.074898
vt 0.680412 0.001022
vt 0.672355 0.854000
vt 0.663970 0.853144
vt 0.666963 0.818154
vt 0.675532 0.817572
vt 0.445185 0.766469
vt 0.450004 0.766546
vt 0.450005 0.790538
vt 0.445186 0.790460
vt 0.891095 0.618679
vt 0.886276 0.618760
vt 0.886277 0.595737
vt 0.891096 0.595656
vt 0.689413 0.810017
vt 0.697799 0.809162
vt 0.700976 0.845594
vt 0.692407 0.845011
vt 0.612321 0.795211
vt 0.620523 0.792918
vt 0.598733 0.914873
vt 0.593914 0.914954
vt 0.879461 0.595656
vt 0.884280 0.595733
vt 0.504993 0.871211
vt 0.496792 0.868917
vt 0.438698 0.795741
vt 0.446900 0.793448
vt 0.302372 0.920577
vt 0.297552 0.920656
vt 0.297552 0.896879
vt 0.302372 0.896800
vt 0.561152 0.895925
vt 0.565971 0.896001
vt 0.565971 0.920677
vt 0.561152 0.920602
vt 0.240773 0.866601
vt 0.232572 0.864307
vt 0.692774 0.781104
vt 0.700976 0.778811
vt 0.891096 0.641857
vt 0.886277 0.641938
vt 0.445186 0.742343
vt 0.450005 0.742421
vt 0.675532 0.884348
vt 0.667331 0.882054
vt 0.254331 0.866601
vt 0.246129 0.864307
vt 0.271375 0.894186
vt 0.276194 0.894262
vt 0.276194 0.918938
vt 0.271375 0.918863
vt 0.310236 0.921390
vt 0.305417 0.921468
vt 0.305417 0.897691
vt 0.310236 0.897613
vt 0.219014 0.802117
vt 0.227215 0.799824
vt 0.581356 0.277708
vt 0.581356 0.553477
vt 0.571757 0.553477
vt 0.571607 0.568536
vt 0.517553 0.568536
vt 0.517553 0.553477
vt 0.452022 0.553477
vt 0.452021 0.277708
vt 0.490156 0.277708
vt 0.490156 0.290653
vt 0.543222 0.290653
vt 0.543222 0.277708
vt 0.712682 0.555995
vt 0.674549 0.555995
vt 0.674549 0.543049
vt 0.621485 0.543049
vt 0.621485 0.555995
vt 0.583352 0.555995
vt 0.583352 0.280226
vt 0.648881 0.280226
vt 0.648880 0.265167
vt 0.702932 0.265167
vt 0.703082 0.280226
vt 0.712682 0.280226
vt 0.504174 0.254922
vt 0.466035 0.254922
vt 0.466035 0.214059
vt 0.504174 0.214059
vt 0.900989 0.265167
vt 0.900989 0.540936
vt 0.861603 0.540937
vt 0.861603 0.265168
vt 0.215653 0.797780
vt 0.215653 0.730633
vt 0.255537 0.730632
vt 0.255537 0.797779
vt 0.623236 0.735485
vt 0.623236 0.790872
vt 0.583352 0.790874
vt 0.583352 0.735487
vt 0.044355 0.828059
vt 0.044355 0.882434
vt 0.034384 0.882434
vt 0.034384 0.828059
vt 0.544307 0.254922
vt 0.506169 0.254922
vt 0.506169 0.214059
vt 0.544307 0.214059
vt 0.536272 0.828810
vt 0.548908 0.828810
vt 0.548908 0.838907
vt 0.548908 0.849004
vt 0.548908 0.859101
vt 0.548908 0.869198
vt 0.536272 0.869198
vt 0.032389 0.868412
vt 0.017691 0.868437
vt 0.017691 0.828085
vt 0.032389 0.828059
vt 0.868475 0.646906
vt 0.868475 0.922676
vt 0.829054 0.922675
vt 0.829054 0.646906
vt 0.521830 0.869443
vt 0.509195 0.869443
vt 0.509195 0.829091
vt 0.521830 0.829091
vt 0.521830 0.839179
vt 0.521830 0.849267
vt 0.521830 0.859355
vt 0.000998 0.828059
vt 0.015696 0.828059
vt 0.015696 0.868447
vt 0.000998 0.868447
vt 0.813097 0.871443
vt 0.803497 0.871443
vt 0.803497 0.830580
vt 0.813097 0.830580
vt 0.010853 0.895978
vt 0.000998 0.895978
vt 0.000998 0.870491
vt 0.010853 0.870491
vt 0.509383 0.748025
vt 0.509383 0.802391
vt 0.493430 0.802391
vt 0.493430 0.748025
vt 0.080254 0.828059
vt 0.080254 0.882434
vt 0.070283 0.882434
vt 0.070283 0.828059
vt 0.559157 0.828809
vt 0.559157 0.883175
vt 0.551013 0.883175
vt 0.551013 0.828809
vt 0.068288 0.828059
vt 0.068288 0.882434
vt 0.058317 0.882434
vt 0.058317 0.828059
vt 0.258813 0.889195
vt 0.268659 0.889194
vt 0.268659 0.905538
vt 0.258813 0.905538
vt 0.386271 0.889131
vt 0.396126 0.889131
vt 0.396126 0.905475
vt 0.386271 0.905475
vt 0.046351 0.882434
vt 0.046351 0.828059
vt 0.056322 0.828059
vt 0.056322 0.882434
vt 0.546119 0.896729
vt 0.536272 0.896729
vt 0.536272 0.871242
vt 0.546119 0.871242
vt 0.490156 0.265167
vt 0.543222 0.265167
vt 0.297552 0.796713
vt 0.297552 0.742347
vt 0.322429 0.742347
vt 0.322429 0.796713
vt 0.015099 0.928511
vt 0.012848 0.928511
vt 0.012848 0.910181
vt 0.015099 0.910181
vt 0.402789 0.908879
vt 0.405040 0.908879
vt 0.405040 0.927440
vt 0.402789 0.927440
vt 0.422026 0.927225
vt 0.419775 0.927225
vt 0.419775 0.908879
vt 0.422026 0.908879
vt 0.369827 0.907686
vt 0.372078 0.907686
vt 0.372078 0.926248
vt 0.369827 0.926248
vt 0.360082 0.920037
vt 0.357533 0.920037
vt 0.357533 0.886275
vt 0.360082 0.886275
vt 0.705404 0.883392
vt 0.711588 0.883392
vt 0.711588 0.917150
vt 0.705404 0.917150
vt 0.057241 0.928433
vt 0.054990 0.928433
vt 0.054990 0.910103
vt 0.057241 0.910103
vt 0.689413 0.908367
vt 0.691665 0.908367
vt 0.691665 0.926929
vt 0.689413 0.926929
vt 0.430519 0.927225
vt 0.428268 0.927225
vt 0.428268 0.908879
vt 0.430519 0.908879
vt 0.263060 0.907582
vt 0.265311 0.907582
vt 0.265311 0.926144
vt 0.263060 0.926144
vt 0.384109 0.922892
vt 0.381560 0.922892
vt 0.381560 0.889131
vt 0.384109 0.889131
vt 0.048748 0.918235
vt 0.042564 0.918235
vt 0.042564 0.884478
vt 0.048748 0.884478
vt 0.215200 0.529335
vt 0.217719 0.529335
vt 0.217719 0.535671
vt 0.215200 0.535671
vt 0.219714 0.529335
vt 0.222231 0.529335
vt 0.222231 0.535671
vt 0.219714 0.535671
vt 0.369827 0.855011
vt 0.372346 0.855011
vt 0.372346 0.905642
vt 0.369827 0.905642
vt 0.440493 0.912906
vt 0.435337 0.912907
vt 0.435337 0.862276
vt 0.440493 0.862276
vt 0.618885 0.861745
vt 0.621402 0.861745
vt 0.621402 0.912376
vt 0.618885 0.912376
vt 0.442488 0.862276
vt 0.447643 0.862276
vt 0.447643 0.912907
vt 0.442488 0.912907
vt 0.796102 0.933381
vt 0.794345 0.933197
vt 0.794345 0.905125
vt 0.796102 0.905309
vt 0.467061 0.912624
vt 0.467986 0.912625
vt 0.467986 0.934901
vt 0.467061 0.934900
vt 0.754116 0.931398
vt 0.752359 0.931581
vt 0.752359 0.903493
vt 0.754116 0.903311
vt 0.532672 0.907525
vt 0.533597 0.907523
vt 0.533597 0.930045
vt 0.532672 0.930047
vt 0.799854 0.933381
vt 0.798097 0.933197
vt 0.798097 0.905125
vt 0.799854 0.905309
vt 0.472900 0.912624
vt 0.473825 0.912625
vt 0.473825 0.934901
vt 0.472900 0.934900
vt 0.648042 0.916605
vt 0.646285 0.916787
vt 0.646285 0.888700
vt 0.648042 0.888517
vt 0.267306 0.907584
vt 0.268231 0.907582
vt 0.268231 0.930104
vt 0.267306 0.930106
vt 0.807249 0.904751
vt 0.809007 0.904934
vt 0.809007 0.933021
vt 0.807249 0.932838
vt 0.120949 0.910700
vt 0.121873 0.910701
vt 0.121873 0.933002
vt 0.120949 0.933000
vt 0.498939 0.934099
vt 0.497183 0.934282
vt 0.497183 0.906211
vt 0.498939 0.906027
vt 0.533597 0.905478
vt 0.532672 0.905479
vt 0.532672 0.882933
vt 0.533597 0.882932
vt 0.805254 0.933021
vt 0.803497 0.932838
vt 0.803497 0.904751
vt 0.805254 0.904934
vt 0.600728 0.912359
vt 0.601653 0.912360
vt 0.601653 0.934660
vt 0.600728 0.934659
vt 0.909606 0.595839
vt 0.911363 0.595656
vt 0.911363 0.623727
vt 0.909606 0.623911
vt 0.825794 0.901563
vt 0.826719 0.901562
vt 0.826719 0.924108
vt 0.825794 0.924109
vt 0.372171 0.848324
vt 0.370406 0.848161
vt 0.370406 0.819868
vt 0.372171 0.820031
vt 0.450005 0.844337
vt 0.449081 0.844337
vt 0.449081 0.819481
vt 0.450005 0.819481
vt 0.685644 0.888645
vt 0.687410 0.888482
vt 0.687410 0.916775
vt 0.685644 0.916938
vt 0.347600 0.879790
vt 0.346675 0.879790
vt 0.346675 0.855011
vt 0.347600 0.855011
vt 0.122714 0.878156
vt 0.120949 0.877993
vt 0.120949 0.849699
vt 0.122714 0.849863
vt 0.478740 0.912624
vt 0.479664 0.912624
vt 0.479664 0.932146
vt 0.478740 0.932146
vt 0.279624 0.822950
vt 0.281389 0.822787
vt 0.281389 0.851080
vt 0.279624 0.851243
vt 0.068269 0.933988
vt 0.067344 0.933988
vt 0.067344 0.914582
vt 0.068269 0.914582
vt 0.417780 0.927225
vt 0.415528 0.927225
vt 0.415528 0.908879
vt 0.417780 0.908879
vt 0.258813 0.907582
vt 0.261064 0.907582
vt 0.261064 0.926144
vt 0.258813 0.926144
vt 0.520975 0.929507
vt 0.518723 0.929507
vt 0.518723 0.911177
vt 0.520975 0.911177
vt 0.411282 0.908879
vt 0.413533 0.908879
vt 0.413533 0.927440
vt 0.411282 0.927440
vt 0.400670 0.922893
vt 0.398121 0.922893
vt 0.398121 0.889131
vt 0.400670 0.889131
vt 0.589536 0.917624
vt 0.583352 0.917623
vt 0.583352 0.883866
vt 0.589536 0.883866
vt 0.426273 0.927225
vt 0.424021 0.927225
vt 0.424021 0.908879
vt 0.426273 0.908879
vt 0.506988 0.804435
vt 0.509239 0.804435
vt 0.509239 0.822997
vt 0.506988 0.822997
vt 0.052995 0.928433
vt 0.050743 0.928433
vt 0.050743 0.910103
vt 0.052995 0.910103
vt 0.407035 0.908879
vt 0.409287 0.908879
vt 0.409287 0.927440
vt 0.407035 0.927440
vt 0.789801 0.869220
vt 0.792350 0.869220
vt 0.792350 0.902982
vt 0.789801 0.902982
vt 0.040569 0.918235
vt 0.034384 0.918235
vt 0.034384 0.884478
vt 0.040569 0.884478
vt 0.224226 0.529335
vt 0.226743 0.529335
vt 0.226743 0.535671
vt 0.224226 0.535671
vt 0.210685 0.529335
vt 0.213204 0.529335
vt 0.213204 0.535671
vt 0.210685 0.535671
vt 0.397797 0.818221
vt 0.400316 0.818221
vt 0.400316 0.868852
vt 0.397797 0.868852
vt 0.884616 0.593612
vt 0.879460 0.593612
vt 0.879460 0.542981
vt 0.884616 0.542981
vt 0.761099 0.914601
vt 0.758582 0.914601
vt 0.758582 0.863970
vt 0.761099 0.863970
vt 0.886611 0.542981
vt 0.891766 0.542981
vt 0.891766 0.593612
vt 0.886611 0.593612
vt 0.812759 0.933007
vt 0.811002 0.932823
vt 0.811002 0.904751
vt 0.812758 0.904935
vt 0.475820 0.912624
vt 0.476745 0.912625
vt 0.476745 0.934901
vt 0.475820 0.934900
vt 0.510952 0.932347
vt 0.509195 0.932529
vt 0.509195 0.904442
vt 0.510952 0.904260
vt 0.693660 0.908368
vt 0.694584 0.908367
vt 0.694584 0.930889
vt 0.693660 0.930890
vt 0.789801 0.905026
vt 0.791558 0.905209
vt 0.791558 0.933281
vt 0.789801 0.933098
vt 0.470905 0.934901
vt 0.469981 0.934900
vt 0.469981 0.912624
vt 0.470905 0.912625
vt 0.750364 0.931398
vt 0.748606 0.931581
vt 0.748606 0.903493
vt 0.750364 0.903311
vt 0.778314 0.906408
vt 0.779239 0.906407
vt 0.779239 0.928929
vt 0.778314 0.928930
vt 0.514705 0.932529
vt 0.512947 0.932347
vt 0.512947 0.904260
vt 0.514705 0.904442
vt 0.080826 0.909069
vt 0.081750 0.909070
vt 0.081750 0.931370
vt 0.080826 0.931369
vt 0.766307 0.934478
vt 0.764550 0.934662
vt 0.764550 0.906591
vt 0.766307 0.906407
vt 0.226947 0.921697
vt 0.226022 0.921698
vt 0.226022 0.899152
vt 0.226947 0.899151
vt 0.907836 0.549402
vt 0.909593 0.549584
vt 0.909593 0.577671
vt 0.907836 0.577489
vt 0.603648 0.912359
vt 0.604572 0.912360
vt 0.604572 0.934660
vt 0.603648 0.934659
vt 0.495187 0.934099
vt 0.493431 0.934282
vt 0.493430 0.906211
vt 0.495187 0.906027
vt 0.080826 0.884479
vt 0.081750 0.884478
vt 0.081750 0.907024
vt 0.080826 0.907025
vt 0.122714 0.908656
vt 0.120949 0.908493
vt 0.120949 0.880200
vt 0.122714 0.880363
vt 0.321757 0.895083
vt 0.320832 0.895083
vt 0.320832 0.875561
vt 0.321757 0.875561
vt 0.225181 0.868814
vt 0.226947 0.868651
vt 0.226947 0.896944
vt 0.225181 0.897107
vt 0.547651 0.933009
vt 0.546727 0.933009
vt 0.546727 0.913602
vt 0.547651 0.913603
vt 0.347000 0.848324
vt 0.345235 0.848161
vt 0.345235 0.819868
vt 0.347000 0.820031
vt 0.450005 0.817437
vt 0.449081 0.817437
vt 0.449081 0.792582
vt 0.450005 0.792582
vt 0.295034 0.916140
vt 0.293269 0.916304
vt 0.293269 0.888011
vt 0.295034 0.887848
vt 0.826295 0.889155
vt 0.825370 0.889155
vt 0.825370 0.864376
vt 0.826295 0.864376
vt 0.958263 0.265167
vt 0.977635 0.265167
vt 0.977635 0.633187
vt 0.958263 0.633187
vt 0.936896 0.265167
vt 0.956268 0.265167
vt 0.956268 0.633191
vt 0.936896 0.633190
vt 0.977635 0.998978
vt 0.958263 0.998978
vt 0.958263 0.635235
vt 0.977635 0.635235
vt 0.999002 0.628590
vt 0.979630 0.628589
vt 0.979630 0.265167
vt 0.999002 0.265167
vt 0.402789 0.529308
vt 0.433342 0.529307
vt 0.433342 0.708575
vt 0.402789 0.708576
vt 0.183105 0.730632
vt 0.213658 0.730633
vt 0.213658 0.912010
vt 0.183105 0.912010
vt 0.829054 0.265167
vt 0.859607 0.265167
vt 0.859608 0.444277
vt 0.829055 0.444277
vt 0.720134 0.265167
vt 0.750687 0.265167
vt 0.750689 0.446543
vt 0.720136 0.446543
vt 0.438698 0.795741
vt 0.446900 0.793448
vt 0.443723 0.823799
vt 0.435337 0.824654
vt 0.302372 0.920577
vt 0.297552 0.920656
vt 0.297552 0.896879
vt 0.302372 0.896800
vt 0.561152 0.895925
vt 0.565971 0.896001
vt 0.565971 0.920677
vt 0.561152 0.920602
vt 0.240773 0.866601
vt 0.232572 0.864307
vt 0.229211 0.835397
vt 0.237596 0.836253
vt 0.254331 0.866601
vt 0.246129 0.864307
vt 0.242768 0.835397
vt 0.251154 0.836253
vt 0.271375 0.894186
vt 0.276194 0.894262
vt 0.276194 0.918938
vt 0.271375 0.918863
vt 0.310236 0.921390
vt 0.305417 0.921468
vt 0.305417 0.897691
vt 0.310236 0.897613
vt 0.219014 0.802117
vt 0.227215 0.799824
vt 0.224039 0.830175
vt 0.215653 0.831030
vt 0.893761 0.543045
vt 0.898580 0.542981
vt 0.898580 0.557734
vt 0.893761 0.557798
vt 0.230708 0.817902
vt 0.239185 0.818038
vt 0.445311 0.842016
vt 0.436834 0.842151
vt 0.655493 0.919454
vt 0.650674 0.919393
vt 0.650674 0.904070
vt 0.655493 0.904131
vt 0.254331 0.866601
vt 0.246129 0.864307
vt 0.242768 0.835397
vt 0.251154 0.836253
vt 0.271375 0.894186
vt 0.276194 0.894262
vt 0.276194 0.918938
vt 0.271375 0.918863
vt 0.310236 0.921390
vt 0.305417 0.921468
vt 0.305417 0.897691
vt 0.310236 0.897613
vt 0.219014 0.802117
vt 0.227215 0.799824
vt 0.224039 0.830175
vt 0.215653 0.831030
vt 0.244265 0.817902
vt 0.252742 0.818038
vt 0.379564 0.919837
vt 0.374745 0.919776
vt 0.374745 0.904454
vt 0.379564 0.904515
vt 0.340468 0.920774
vt 0.335649 0.920838
vt 0.335649 0.906085
vt 0.340468 0.906021
vt 0.225627 0.848391
vt 0.217150 0.848527
vt 0.467061 0.748025
vt 0.472586 0.748025
vt 0.244265 0.817902
vt 0.252742 0.818038
vt 0.379564 0.919837
vt 0.374745 0.919776
vt 0.374745 0.904454
vt 0.379564 0.904515
vt 0.340468 0.920774
vt 0.335649 0.920838
vt 0.335649 0.906085
vt 0.340468 0.906021
vt 0.225627 0.848391
vt 0.217150 0.848527
vt 0.272236 0.820743
vt 0.268959 0.820743
vt 0.268959 0.802692
vt 0.272236 0.802693
vt 0.272236 0.800287
vt 0.268959 0.800287
vt 0.268959 0.789180
vt 0.272236 0.789181
vt 0.242676 0.925126
vt 0.239400 0.925126
vt 0.239400 0.907285
vt 0.242676 0.907285
vt 0.502959 0.912945
vt 0.506236 0.912945
vt 0.506236 0.923922
vt 0.502959 0.923922
vt 0.394820 0.925344
vt 0.391543 0.925344
vt 0.391543 0.907519
vt 0.394820 0.907519
vt 0.186382 0.925022
vt 0.183105 0.925022
vt 0.183105 0.914054
vt 0.186382 0.914055
vt 0.777973 0.828536
vt 0.774696 0.828536
vt 0.774696 0.810485
vt 0.777973 0.810485
vt 0.777973 0.808079
vt 0.774696 0.808079
vt 0.774696 0.796973
vt 0.777973 0.796973
vt 0.237404 0.925126
vt 0.234128 0.925126
vt 0.234128 0.907285
vt 0.237404 0.907285
vt 0.893091 0.633059
vt 0.896368 0.633059
vt 0.896368 0.644036
vt 0.893091 0.644036
vt 0.365583 0.925225
vt 0.362306 0.925225
vt 0.362306 0.907400
vt 0.365583 0.907400
vt 0.544731 0.924570
vt 0.541455 0.924570
vt 0.541455 0.913602
vt 0.544731 0.913602
vt 0.307743 0.798758
vt 0.311020 0.798758
vt 0.311020 0.816808
vt 0.307743 0.816808
vt 0.307743 0.819214
vt 0.311020 0.819214
vt 0.311020 0.830320
vt 0.307743 0.830320
vt 0.389548 0.925344
vt 0.386271 0.925344
vt 0.386271 0.907519
vt 0.389548 0.907519
vt 0.191654 0.925022
vt 0.188377 0.925022
vt 0.188377 0.914054
vt 0.191654 0.914055
vt 0.893761 0.574596
vt 0.897038 0.574596
vt 0.897038 0.592437
vt 0.893761 0.592437
vt 0.785521 0.923884
vt 0.782244 0.923884
vt 0.782244 0.912907
vt 0.785521 0.912907
vt 0.297552 0.819214
vt 0.297552 0.816808
vt 0.788164 0.808080
vt 0.788164 0.810486
vt 0.282427 0.800287
vt 0.282427 0.802693
vt 0.464040 0.263122
vt 0.258813 0.263117
vt 0.258813 0.001022
vt 0.464040 0.001028
vt 0.000998 0.276958
vt 0.186017 0.276962
vt 0.186017 0.539057
vt 0.000998 0.539053
vt 0.583352 0.654945
vt 0.618387 0.666959
vt 0.583352 0.619989
vt 0.631904 0.644292
vt 0.668536 0.666960
vt 0.703408 0.651319
vt 0.703408 0.679214
vt 0.674028 0.697693
vt 0.703408 0.733441
vt 0.674689 0.733441
vt 0.643731 0.618568
vt 0.643461 0.638056
vt 0.654971 0.644211
vt 0.703408 0.617164
vt 0.583352 0.558039
vt 0.703408 0.558040
vn 0.4442 0.7769 0.4463
vn -0.2124 -0.3715 0.9038
vn -0.4963 -0.8681 0.0000
vn -0.2124 -0.3715 -0.9038
vn 0.4442 0.7769 -0.4463
vn -0.4488 0.7739 0.4468
vn 0.2144 -0.3697 0.9041
vn 0.5017 -0.8651 0.0000
vn 0.2144 -0.3697 -0.9041
vn -0.4488 0.7739 -0.4467
vn -0.8020 -0.3326 0.4962
vn 0.3526 0.1462 0.9243
vn 0.9237 0.3831 0.0000
vn 0.3526 0.1462 -0.9243
vn -0.8020 -0.3326 -0.4962
vn 0.0024 -0.9065 0.4223
vn -0.0012 0.4520 0.8920
vn -0.0027 1.0000 0.0000
vn -0.0012 0.4520 -0.8920
vn 0.0024 -0.9065 -0.4223
vn 0.8044 -0.3260 0.4966
vn -0.3535 0.1433 0.9244
vn -0.9268 0.3756 0.0000
vn -0.3535 0.1432 -0.9244
vn 0.8044 -0.3260 -0.4966
vn 0.0000 -0.0000 -1.0000
vn 0.3160 0.9488 0.0000
vn 0.7751 0.6319 0.0000
vn 0.9098 0.4150 0.0000
vn 1.0000 -0.0000 0.0000
vn 0.0000 -1.0000 0.0000
vn -1.0000 -0.0000 -0.0000
vn -0.9098 0.4150 -0.0000
vn -0.7751 0.6319 0.0000
vn -0.3160 0.9488 0.0000
vn 0.0000 0.0000 1.0000
vn 0.3432 -0.9393 0.0000
vn 0.9675 -0.2530 0.0000
vn 0.7534 -0.6575 0.0000
vn 0.9996 -0.0270 0.0000
vn -0.3439 -0.9390 -0.0009
vn -0.9996 -0.0270 -0.0000
vn -0.9675 -0.2530 -0.0000
vn -0.7534 -0.6575 -0.0000
vn 0.0000 0.9436 -0.3311
vn 0.0000 0.7552 -0.6555
vn 0.0000 0.2252 -0.9743
vn 0.0000 0.2252 0.9743
vn 0.0000 0.7552 0.6555
vn 0.0000 0.9436 0.3311
vn 0.5545 0.8321 0.0033
vn -1.0000 -0.0039 -0.0005
vn -0.5537 0.8327 0.0009
vn 1.0000 0.0039 0.0005
vn -0.9030 -0.4297 0.0000
vn -0.6874 -0.7260 0.0204
vn 0.5541 -0.8325 0.0000
vn 0.6925 -0.7212 -0.0185
vn -0.0018 -0.0006 1.0000
vn -0.0011 -0.0005 1.0000
vn -0.0003 0.0005 1.0000
vn -0.5553 -0.8317 -0.0008
vn 0.9035 -0.4286 0.0000
vn -0.9034 -0.4287 0.0000
vn 0.0011 0.0005 -1.0000
vn 0.0003 -0.0005 -1.0000
vn 0.0018 0.0006 -1.0000
vn 0.9029 -0.4299 0.0000
vn -0.6211 0.7837 0.0000
vn -0.6211 -0.7837 0.0000
vn 0.6211 0.7837 -0.0000
vn 0.6211 -0.7837 -0.0000
vn 0.0000 1.0000 0.0000
vn 0.0000 0.9029 0.4299
vn 0.3120 -0.9501 0.0039
vn -0.3120 0.9501 0.0039
vn -0.3058 -0.9521 -0.0015
vn 0.9185 -0.3950 -0.0174
vn -0.9184 -0.3950 0.0220
vn 0.3058 0.9521 -0.0015
vn -0.0076 0.0105 -0.9999
vn -0.6158 -0.7879 -0.0000
vn 0.6145 0.7889 -0.0000
vn 0.0076 -0.0105 0.9999
vn -0.0099 0.0162 -0.9998
vn -0.5510 -0.8345 -0.0000
vn 0.5454 0.8382 0.0000
vn 0.0099 -0.0162 0.9998
vn -0.0076 -0.0105 -0.9999
vn -0.6145 0.7889 -0.0000
vn 0.6158 -0.7879 0.0000
vn 0.0076 0.0105 0.9999
vn -0.8544 -0.5196 0.0000
vn 0.4392 -0.8984 0.0000
vn 0.8544 -0.5196 0.0000
vn -0.4392 -0.8984 -0.0000
vn -0.9034 0.4287 0.0036
vn 0.9040 -0.4274 -0.0024
vn 0.6701 -0.7423 0.0000
vn -0.6941 -0.7198 0.0000
vn 0.5514 -0.8342 0.0000
vn -0.5514 0.8342 0.0000
vn -0.9035 0.4286 -0.0000
vn 0.9041 -0.4274 0.0000
vn 0.9035 0.4286 0.0000
vn -0.9041 -0.4274 0.0000
vn -0.6701 -0.7423 0.0000
vn 0.6941 -0.7198 0.0000
vn -0.5514 -0.8342 0.0000
vn 0.5514 0.8342 0.0000
vn 0.9034 0.4287 0.0036
vn 1.0000 -0.0058 -0.0000
vn -1.0000 -0.0058 -0.0000
vn 0.9047 -0.4261 0.0000
vn -0.9047 0.4261 0.0000
vn -0.3110 -0.9504 -0.0000
vn 0.3307 0.9437 0.0000
vn 0.0119 -0.0056 0.9999
vn -0.2264 -0.9740 0.0000
vn 0.2461 0.9692 -0.0000
vn 0.0352 -0.0166 0.9992
vn -0.9047 -0.4261 -0.0000
vn 0.9047 0.4261 0.0000
vn 0.3193 -0.9476 0.0000
vn -0.3429 0.9394 -0.0000
vn 0.0334 0.0157 0.9993
vn 0.2180 -0.9759 0.0000
vn -0.2415 0.9704 0.0000
vn 0.0333 0.0157 0.9993
vn 0.3110 -0.9504 0.0000
vn -0.3307 0.9437 -0.0000
vn -0.0119 -0.0056 -0.9999
vn 0.2264 -0.9740 0.0000
vn -0.2461 0.9692 0.0000
vn -0.0352 -0.0166 -0.9992
vn 0.2945 -0.9556 0.0000
vn -0.2945 -0.9556 0.0000
vn -0.4321 0.9018 0.0000
vn 0.4321 -0.9018 0.0000
vn 0.4303 0.9027 -0.0000
vn -0.4303 -0.9027 -0.0000
vn 0.6821 -0.7310 0.0202
vn 0.6875 -0.7262 0.0007
vn 0.5554 0.8316 0.0007
vn 0.5570 0.8305 0.0006
vn -0.6873 -0.7260 -0.0204
vn -0.6875 -0.7262 -0.0000
vn -0.5537 0.8327 -0.0009
vn -0.5546 0.8321 -0.0000
vn -0.9184 -0.3950 -0.0220
vn -0.9186 -0.3951 -0.0000
vn -0.3120 0.9501 -0.0039
vn -0.3195 0.9476 0.0000
vn 0.3120 -0.9501 -0.0039
vn 0.3195 -0.9476 0.0000
vn 0.3058 0.9521 0.0015
vn 0.3087 0.9512 0.0000
vn 0.9185 -0.3950 0.0174
vn 0.9186 -0.3951 0.0000
vn -0.3058 -0.9521 0.0015
vn -0.3087 -0.9512 0.0000
vn 0.0079 -0.0152 0.9999
vn 0.4567 0.8896 -0.0000
vn -0.4656 -0.8850 0.0000
vn -0.0079 0.0152 -0.9999
vn -0.0079 -0.0152 -0.9999
vn -0.4567 0.8896 0.0000
vn 0.4656 -0.8850 0.0000
vn 0.0079 0.0152 0.9999
vn -0.9999 0.0000 -0.0102
vn 0.0000 0.7402 -0.6724
vn 0.0000 -0.7402 0.6724
vn 0.0000 0.7402 0.6724
vn 0.0000 -0.7402 -0.6724
vn -0.6724 0.7402 0.0000
vn 0.6724 -0.7402 0.0000
vn 0.6724 0.7402 0.0000
vn -0.6724 -0.7402 0.0000
vn 0.7586 0.6515 0.0000
vn -0.9300 0.3675 -0.0000
vn 0.0057 0.0131 0.9999
vn 0.4751 -0.8799 0.0000
vn -0.4698 0.8828 -0.0000
vn -0.0057 -0.0131 -0.9999
vn -0.6116 0.7912 0.0000
vn -0.0007 -0.0010 1.0000
vn 0.0007 0.0010 -1.0000
vn 0.6133 -0.7898 0.0000
vn -0.0094 0.0135 -0.9999
vn -0.6303 -0.7764 -0.0000
vn 0.6294 0.7771 0.0000
vn 0.0094 -0.0135 0.9999
vn -0.9040 -0.4274 -0.0024
vn 0.0023 0.0048 1.0000
vn 0.6134 -0.7898 -0.0000
vn -0.6120 0.7908 0.0000
vn -0.0023 -0.0048 -1.0000
vn -0.9044 0.4267 -0.0000
vn 0.9041 0.4273 0.0009
usemtl Material.001
s off
f 1/1/1 6/2/1 7/3/1 2/4/1
f 2/5/2 7/6/2 8/7/2 3/8/2
f 3/9/3 8/10/3 9/11/3 4/12/3
f 4/13/4 9/14/4 10/15/4 5/16/4
f 1/1/5 5/17/5 10/18/5 6/2/5
f 6/2/6 11/19/6 12/20/6 7/3/6
f 7/6/7 12/21/7 13/22/7 8/7/7
f 8/10/8 13/23/8 14/24/8 9/11/8
f 9/14/9 14/25/9 15/26/9 10/15/9
f 10/18/10 15/27/10 11/19/10 6/2/10
f 11/28/11 16/29/11 17/30/11 12/31/11
f 12/21/12 17/32/12 18/33/12 13/22/12
f 13/34/13 18/35/13 19/36/13 14/37/13
f 14/25/14 19/38/14 20/39/14 15/26/14
f 15/40/15 20/41/15 16/29/15 11/28/15
f 16/42/16 21/43/16 22/44/16 17/45/16
f 17/32/17 22/46/17 23/47/17 18/33/17
f 18/48/18 23/49/18 24/50/18 19/51/18
f 19/38/19 24/52/19 25/53/19 20/39/19
f 20/54/20 25/55/20 21/43/20 16/42/20
f 21/56/21 1/57/21 2/58/21 22/59/21
f 22/46/22 2/5/22 3/8/22 23/47/22
f 23/60/23 3/61/23 4/62/23 24/63/23
f 24/52/24 4/13/24 5/16/24 25/53/24
f 25/64/25 5/65/25 1/57/25 21/56/25
f 26/66/26 27/67/26 28/68/26 29/69/26 30/70/26 31/71/26 32/72/26 33/73/26 34/74/26
f 35/75/27 26/76/27 34/77/27 36/78/27
f 37/79/28 27/80/28 26/81/28 35/82/28
f 38/83/29 28/84/29 27/80/29 37/79/29
f 39/85/30 29/86/30 28/84/30 38/83/30
f 40/87/31 30/88/31 29/89/31 39/90/31
f 41/91/32 31/92/32 30/93/32 40/94/32
f 42/95/33 32/96/33 31/92/33 41/91/33
f 43/97/34 33/98/34 32/96/34 42/95/34
f 36/78/35 34/77/35 33/99/35 43/100/35
f 45/101/26 212/102/26 47/103/26 48/104/26 39/105/26 38/106/26 37/107/26 35/108/26 36/109/26 43/110/26 42/111/26 41/112/26 40/113/26 39/105/26 46/114/26
f 49/115/26 50/116/26 52/117/26 51/118/26
f 61/119/36 1039/120/36 58/121/36 60/122/36
f 55/123/37 53/124/37 66/125/37 68/126/37
f 57/127/38 59/128/38 72/129/38 70/130/38
f 53/131/39 57/127/39 70/130/39 66/132/39
f 59/128/40 65/133/40 74/134/40 72/129/40
f 54/135/41 55/123/41 68/126/41 67/136/41
f 60/137/42 58/138/42 71/139/42 73/140/42
f 58/138/43 56/141/43 69/142/43 71/139/43
f 56/141/44 54/143/44 67/144/44 69/142/44
f 75/145/36 76/146/36 78/147/36 77/148/36
f 79/149/32 80/150/32 81/151/32 82/152/32 83/153/32 84/154/32 85/155/32 86/156/32 87/157/32
f 88/158/45 79/159/45 87/160/45 89/161/45
f 90/162/46 80/163/46 79/164/46 88/165/46
f 91/166/47 81/167/47 80/163/47 90/162/47
f 92/168/26 82/169/26 81/167/26 91/166/26
f 93/170/31 83/171/31 82/172/31 92/173/31
f 94/174/36 84/175/36 83/176/36 93/177/36
f 95/178/48 85/179/48 84/175/48 94/174/48
f 96/180/49 86/181/49 85/179/49 95/178/49
f 89/161/50 87/160/50 86/182/50 96/183/50
f 97/184/32 98/185/32 99/186/32 100/187/32 101/188/32 102/189/32 103/190/32 104/191/32 105/192/32
f 106/193/45 97/194/45 105/195/45 107/196/45
f 108/197/46 98/198/46 97/199/46 106/200/46
f 109/201/47 99/202/47 98/198/47 108/197/47
f 110/203/26 100/204/26 99/202/26 109/201/26
f 111/205/31 101/206/31 100/207/31 110/208/31
f 112/209/36 102/210/36 101/211/36 111/212/36
f 113/213/48 103/214/48 102/210/48 112/209/48
f 114/215/49 104/216/49 103/214/49 113/213/49
f 107/196/50 105/195/50 104/217/50 114/218/50
f 115/219/32 110/220/32 109/221/32 108/222/32 106/223/32 107/224/32 114/225/32 113/226/32 112/227/32 111/228/32 110/220/32 92/229/32 91/230/32 90/231/32 88/232/32 89/233/32 96/234/32 95/235/32 94/236/32 93/237/32 92/229/32 116/238/32 117/239/32 118/240/32
f 116/241/36 92/242/36 119/243/36
f 92/242/36 110/244/36 120/245/36 119/243/36
f 110/244/36 115/246/36 120/245/36
f 121/247/32 122/248/32 124/249/32 123/250/32
f 125/251/36 126/252/36 127/253/36 128/254/36 129/255/36 130/256/36 131/257/36 132/258/36 133/259/36
f 134/260/35 125/261/35 133/262/35 135/263/35
f 136/264/34 126/265/34 125/266/34 134/267/34
f 137/268/33 127/269/33 126/265/33 136/264/33
f 138/270/32 128/271/32 127/269/32 137/268/32
f 139/272/31 129/273/31 128/274/31 138/275/31
f 140/276/30 130/277/30 129/278/30 139/279/30
f 141/280/29 131/281/29 130/277/29 140/276/29
f 142/282/28 132/283/28 131/281/28 141/280/28
f 135/263/27 133/262/27 132/284/27 142/285/27
f 143/286/36 144/287/36 145/288/36 146/289/36 147/290/36 148/291/36 149/292/36 150/293/36 151/294/36
f 152/295/35 143/296/35 151/297/35 153/298/35
f 154/299/34 144/300/34 143/301/34 152/302/34
f 155/303/33 145/304/33 144/300/33 154/299/33
f 156/305/32 146/306/32 145/304/32 155/303/32
f 157/307/31 147/308/31 146/309/31 156/310/31
f 158/311/30 148/312/30 147/313/30 157/314/30
f 159/315/29 149/316/29 148/312/29 158/311/29
f 160/317/28 150/318/28 149/316/28 159/315/28
f 153/298/27 151/297/27 150/319/27 160/320/27
f 161/321/36 211/322/36 162/323/36 163/324/36 156/325/36 155/326/36 154/327/36 152/328/36 153/329/36 160/330/36 159/331/36 158/332/36 157/333/36 156/325/36 138/334/36 137/335/36 136/336/36 134/337/36 135/338/36 142/339/36 141/340/36 140/341/36 139/342/36 138/334/36 164/343/36
f 165/344/30 166/345/30 167/346/30 168/347/30 169/348/30 170/349/30 171/350/30 172/351/30 173/352/30
f 174/353/50 165/354/50 173/355/50 175/356/50
f 176/357/49 166/358/49 165/359/49 174/360/49
f 177/361/48 167/362/48 166/358/48 176/357/48
f 178/363/36 168/364/36 167/362/36 177/361/36
f 179/365/31 169/366/31 168/367/31 178/368/31
f 180/369/26 170/370/26 169/371/26 179/372/26
f 181/373/47 171/374/47 170/370/47 180/369/47
f 182/375/46 172/376/46 171/374/46 181/373/46
f 175/356/45 173/355/45 172/377/45 182/378/45
f 183/379/30 184/380/30 185/381/30 186/382/30 187/383/30 188/384/30 189/385/30 190/386/30 191/387/30
f 192/388/50 183/389/50 191/390/50 193/391/50
f 194/392/49 184/393/49 183/394/49 192/395/49
f 195/396/48 185/397/48 184/393/48 194/392/48
f 196/398/36 186/399/36 185/397/36 195/396/36
f 197/400/31 187/401/31 186/402/31 196/403/31
f 198/404/26 188/405/26 187/406/26 197/407/26
f 199/408/47 189/409/47 188/405/47 198/404/47
f 200/410/46 190/411/46 189/409/46 199/408/46
f 193/391/45 191/390/45 190/412/45 200/413/45
f 201/414/30 196/415/30 195/416/30 194/417/30 192/418/30 193/419/30 200/420/30 199/421/30 198/422/30 197/423/30 196/415/30 178/424/30 177/425/30 176/426/30 174/427/30 175/428/30 182/429/30 181/430/30 180/431/30 179/432/30 178/424/30 202/433/30 203/434/30 204/435/30
f 202/436/36 178/437/36 205/438/36
f 178/437/36 196/439/36 206/440/36 205/438/36
f 196/439/36 201/441/36 206/440/36
f 207/442/30 208/443/30 210/444/30 209/445/30
f 668/446/51 666/447/51 234/448/51 230/449/51
f 229/450/36 217/451/36 936/452/36 937/453/36
f 47/454/52 161/455/52 216/456/52 217/457/52 229/458/52 227/459/52
f 675/460/53 228/461/53 232/462/53 672/463/53
f 217/464/54 213/465/54 162/466/54 45/467/54 225/468/54 229/469/54
f 48/470/55 47/454/55 227/459/55 226/471/55
f 670/472/56 221/473/56 220/474/56 673/475/56
f 46/476/57 163/477/57 214/478/57 221/479/57 670/480/57 671/481/57 231/482/57 224/483/57
f 665/484/58 233/485/58 234/486/58 666/487/58
f 219/488/59 215/489/59 223/490/59 222/491/59
f 214/492/36 213/493/36 217/494/36 218/495/36
f 216/496/60 215/489/60 219/488/60 217/497/60
f 214/492/61 218/495/61 220/498/61 221/499/61
f 48/500/62 226/501/62 233/502/62 665/503/62 664/504/62 223/505/62 215/506/62 164/507/62
f 163/477/63 162/466/63 213/465/63 214/478/63
f 161/455/64 164/508/64 215/509/64 216/456/64
f 225/510/26 224/511/26 228/512/26 229/513/26
f 226/514/65 227/515/65 229/516/65 230/517/65
f 228/512/66 224/511/66 231/518/66 232/519/66
f 226/514/67 230/517/67 234/520/67 233/521/67
f 45/467/68 46/476/68 224/483/68 225/468/68
f 236/522/69 238/523/69 237/524/69 235/525/69
f 235/526/70 237/527/70 240/528/70 239/529/70
f 242/530/69 244/531/69 243/532/69 241/533/69
f 241/534/70 243/535/70 246/536/70 245/537/70
f 248/538/71 250/539/71 249/540/71 247/541/71
f 247/542/72 249/543/72 252/544/72 251/545/72
f 254/546/71 256/547/71 255/548/71 253/549/71
f 253/550/72 255/551/72 258/552/72 257/553/72
f 266/554/30 264/555/30 263/556/30 265/557/30
f 264/558/36 260/559/36 259/560/36 263/561/36
f 259/562/31 261/563/31 265/564/31 263/565/31
f 264/566/73 266/567/73 262/568/73 260/569/73
f 274/570/32 272/571/32 271/572/32 273/573/32
f 272/574/36 268/575/36 267/576/36 271/577/36
f 267/578/73 269/579/73 273/580/73 271/581/73
f 272/582/31 274/583/31 270/584/31 268/585/31
f 280/586/36 276/587/36 275/588/36 279/589/36
f 275/590/32 277/591/32 281/592/32 279/593/32
f 280/594/30 282/595/30 278/596/30 276/597/30
f 288/598/36 284/599/36 283/600/36 287/601/36
f 283/602/32 285/603/32 289/604/32 287/605/32
f 288/606/30 290/607/30 286/608/30 284/609/30
f 283/610/74 284/611/74 286/612/74 285/613/74
f 291/614/1 296/615/1 297/616/1 292/617/1
f 292/618/2 297/619/2 298/620/2 293/621/2
f 293/622/3 298/623/3 299/624/3 294/625/3
f 294/626/4 299/627/4 300/628/4 295/629/4
f 291/614/5 295/630/5 300/631/5 296/615/5
f 296/615/6 301/632/6 302/633/6 297/616/6
f 297/619/7 302/634/7 303/635/7 298/620/7
f 298/623/8 303/636/8 304/637/8 299/624/8
f 299/627/9 304/638/9 305/639/9 300/628/9
f 300/631/10 305/640/10 301/632/10 296/615/10
f 301/641/11 306/642/11 307/643/11 302/644/11
f 302/634/12 307/645/12 308/646/12 303/635/12
f 303/647/13 308/648/13 309/649/13 304/650/13
f 304/638/14 309/651/14 310/652/14 305/639/14
f 305/653/15 310/654/15 306/642/15 301/641/15
f 306/655/16 311/656/16 312/657/16 307/658/16
f 307/645/17 312/659/17 313/660/17 308/646/17
f 308/661/18 313/662/18 314/663/18 309/664/18
f 309/651/19 314/665/19 315/666/19 310/652/19
f 310/667/20 315/668/20 311/656/20 306/655/20
f 311/669/21 291/670/21 292/671/21 312/672/21
f 312/659/22 292/618/22 293/621/22 313/660/22
f 313/673/23 293/674/23 294/675/23 314/676/23
f 314/665/24 294/626/24 295/629/24 315/666/24
f 315/677/25 295/678/25 291/670/25 311/669/25
f 321/679/36 317/680/36 316/681/36 320/682/36
f 316/683/32 318/684/32 322/685/32 320/686/32
f 321/687/30 323/688/30 319/689/30 317/690/30
f 316/691/74 317/692/74 319/693/74 318/694/74
f 686/695/75 656/696/75 324/697/75 677/698/75
f 684/699/76 657/700/76 326/701/76 679/702/76
f 657/703/26 658/704/26 327/705/26 326/706/26
f 656/707/36 659/708/36 325/709/36 324/710/36
f 698/711/77 660/712/77 332/713/77 689/714/77
f 690/715/78 689/716/78 332/717/78 333/718/78
f 678/719/79 677/720/79 324/721/79 325/722/79
f 696/723/80 661/724/80 334/725/80 691/726/80
f 661/727/36 662/728/36 335/729/36 334/730/36
f 660/731/26 663/732/26 333/733/26 332/734/26
f 709/735/81 710/736/81 346/737/81 342/738/81
f 708/739/82 709/740/82 342/741/82 340/742/82
f 710/743/83 711/744/83 344/745/83 346/746/83
f 711/747/84 708/748/84 340/749/84 344/750/84
f 351/751/85 355/752/85 354/753/85 350/754/85
f 349/755/86 351/756/86 350/757/86 348/758/86
f 355/759/87 353/760/87 352/761/87 354/762/87
f 353/763/88 349/764/88 348/765/88 352/766/88
f 720/767/89 723/768/89 363/769/89 359/770/89
f 721/771/90 720/772/90 359/773/90 357/774/90
f 723/775/91 722/776/91 361/777/91 363/778/91
f 722/779/92 721/780/92 357/781/92 361/782/92
f 713/783/92 714/784/92 370/785/92 366/786/92
f 712/787/91 713/788/91 366/789/91 364/790/91
f 714/791/90 715/792/90 368/793/90 370/794/90
f 715/795/89 712/796/89 364/797/89 368/798/89
f 641/799/36 378/800/36 379/801/36 640/802/36
f 653/803/36 386/804/36 387/805/36 652/806/36
f 643/807/26 372/808/26 373/809/26 642/810/26
f 378/811/93 376/812/93 377/813/93 379/814/93
f 640/815/94 642/816/94 373/817/94 375/818/94
f 655/819/26 380/820/26 381/821/26 654/822/26
f 386/823/93 384/824/93 385/825/93 387/826/93
f 652/827/94 654/828/94 381/829/94 383/830/94
f 649/831/26 394/832/26 395/833/26 648/834/26
f 651/835/36 388/836/36 389/837/36 650/838/36
f 394/839/95 392/840/95 393/841/95 395/842/95
f 648/843/96 650/844/96 389/845/96 391/846/96
f 645/847/26 402/848/26 403/849/26 644/850/26
f 647/851/36 396/852/36 397/853/36 646/854/36
f 402/855/95 400/856/95 401/857/95 403/858/95
f 644/859/96 646/860/96 397/861/96 399/862/96
f 407/863/97 405/864/97 404/865/97 406/866/97
f 411/867/98 410/868/98 408/869/98 409/870/98
f 412/871/31 472/872/31 484/873/31 482/874/31
f 404/875/36 405/876/36 409/877/36 408/878/36
f 415/879/36 413/880/36 417/881/36 419/882/36
f 411/867/99 409/870/99 415/883/99 416/884/99
f 405/885/36 407/886/36 414/887/36 413/888/36
f 409/877/36 405/876/36 413/880/36 415/879/36
f 417/889/100 418/890/100 420/891/100 419/892/100
f 416/884/101 415/883/101 419/893/101 420/894/101
f 414/895/26 416/896/26 420/897/26 418/898/26
f 413/899/102 414/900/102 418/890/102 417/889/102
f 424/901/103 422/902/103 421/903/103 423/904/103
f 428/905/104 427/906/104 425/907/104 426/908/104
f 424/909/26 423/910/26 427/911/26 428/912/26
f 424/909/26 428/912/26 433/913/26 431/914/26
f 432/915/36 430/916/36 434/917/36 436/918/36
f 428/905/99 426/908/99 432/919/99 433/920/99
f 422/921/36 424/922/36 431/923/36 430/924/36
f 434/925/100 435/926/100 437/927/100 436/928/100
f 433/920/101 432/919/101 436/929/101 437/930/101
f 431/914/26 433/913/26 437/931/26 435/932/26
f 430/933/102 431/934/102 435/926/102 434/925/102
f 441/935/105 439/936/105 438/937/105 440/938/105
f 445/939/106 444/940/106 442/941/106 443/942/106
f 438/943/26 439/944/26 443/945/26 442/946/26
f 118/947/31 117/948/31 447/949/31 446/950/31
f 450/951/26 448/952/26 452/953/26 454/954/26
f 445/939/107 443/942/107 450/955/107 451/956/107
f 439/957/36 441/958/36 449/959/36 448/960/36
f 443/945/26 439/944/26 448/952/26 450/951/26
f 452/961/108 453/962/108 455/963/108 454/964/108
f 451/965/109 450/966/109 454/967/109 455/968/109
f 449/969/36 451/970/36 455/971/36 453/972/36
f 448/973/110 449/974/110 453/975/110 452/976/110
f 458/977/36 404/978/36 408/979/36 461/980/36
f 458/981/111 457/982/111 456/983/111 404/984/111
f 458/977/36 461/980/36 467/985/36 465/986/36
f 466/987/26 464/988/26 468/989/26 470/990/26
f 461/991/107 460/992/107 466/993/107 467/994/107
f 457/995/36 458/996/36 465/997/36 464/998/36
f 204/999/31 203/1000/31 463/1001/31 462/1002/31
f 468/1003/108 469/1004/108 471/1005/108 470/1006/108
f 467/1007/109 466/1008/109 470/1009/109 471/1010/109
f 465/986/36 467/985/36 471/1011/36 469/1012/36
f 464/1013/110 465/1014/110 469/1015/110 468/1016/110
f 480/1017/26 481/1018/26 475/1019/26 479/1020/26
f 481/1021/112 476/1022/112 474/1023/112 475/1024/112
f 478/1025/113 480/1026/113 479/1027/113 477/1028/113
f 485/1029/26 483/1030/26 487/1031/26 489/1032/26
f 472/872/31 473/1033/31 485/1034/31 484/873/31
f 429/1035/31 412/871/31 482/874/31 483/1036/31
f 473/1033/31 429/1035/31 483/1036/31 485/1034/31
f 487/1037/73 486/1038/73 490/1039/73 491/1040/73
f 483/1041/32 482/1042/32 486/1043/32 487/1044/32
f 484/1045/30 485/1046/30 489/1047/30 488/1048/30
f 482/1049/36 484/1050/36 488/1051/36 486/1052/36
f 488/1053/73 489/1054/73 493/1055/73 492/1056/73
f 486/1038/73 488/1053/73 492/1056/73 490/1039/73
f 489/1054/73 487/1037/73 491/1040/73 493/1055/73
f 511/1057/36 500/1058/36 494/1059/36 497/1060/36
f 509/1061/36 502/1062/36 501/1063/36 510/1064/36
f 498/1065/36 495/1066/36 502/1062/36 509/1061/36
f 510/1064/36 501/1063/36 500/1058/36 511/1057/36
f 499/1067/30 498/1068/30 509/1069/30 506/1070/30
f 509/1071/73 1034/1072/73 1032/1073/73 506/1074/73
f 507/1075/30 510/1076/30 511/1077/30 508/1078/30
f 495/1079/32 496/1080/32 503/1081/32 502/1082/32
f 504/1083/31 501/1084/31 512/1085/31 515/1086/31
f 501/1087/32 504/1088/32 505/1089/32 500/1090/32
f 501/1063/36 502/1062/36 513/1091/36 512/1092/36
f 502/1093/73 503/1094/73 514/1095/73 513/1096/73
f 507/1097/31 1033/1098/31 1035/1099/31 510/1100/31
f 497/1060/36 1038/1101/36 1037/1102/36 511/1057/36
f 500/1103/73 505/1104/73 520/1105/73 522/1106/73
f 494/1059/36 500/1058/36 522/1107/36 521/1108/36
f 511/1109/73 1037/1110/73 1036/1111/73 508/1112/73
f 543/1113/36 532/1114/36 526/1115/36 529/1116/36
f 541/1117/36 534/1118/36 533/1119/36 542/1120/36
f 530/1121/36 527/1122/36 534/1118/36 541/1117/36
f 542/1120/36 533/1119/36 532/1114/36 543/1113/36
f 531/1123/30 530/1124/30 541/1125/30 538/1126/30
f 541/1127/73 523/1128/73 525/1129/73 538/1130/73
f 539/1131/30 542/1132/30 543/1133/30 540/1134/30
f 527/1135/32 528/1136/32 535/1137/32 534/1138/32
f 536/1139/31 533/1140/31 544/1141/31 547/1142/31
f 533/1143/32 536/1144/32 537/1145/32 532/1146/32
f 533/1119/36 534/1118/36 545/1147/36 544/1148/36
f 534/1149/73 535/1150/73 546/1151/73 545/1152/73
f 539/1153/31 524/1154/31 519/1155/31 542/1156/31
f 529/1116/36 516/1157/36 517/1158/36 543/1113/36
f 532/1159/73 537/1160/73 548/1161/73 550/1162/73
f 526/1115/36 532/1114/36 550/1163/36 549/1164/36
f 543/1165/73 517/1166/73 518/1167/73 540/1168/73
f 568/1169/26 557/1170/26 551/1171/26 554/1172/26
f 566/1173/26 559/1174/26 558/1175/26 567/1176/26
f 555/1177/26 552/1178/26 559/1174/26 566/1173/26
f 567/1176/26 558/1175/26 557/1170/26 568/1169/26
f 556/1179/32 555/1180/32 566/1181/32 563/1182/32
f 566/1183/73 1027/1184/73 1025/1185/73 563/1186/73
f 564/1187/32 567/1188/32 568/1189/32 565/1190/32
f 552/1191/30 553/1192/30 560/1193/30 559/1194/30
f 561/1195/31 558/1196/31 569/1197/31 572/1198/31
f 558/1199/30 561/1200/30 562/1201/30 557/1202/30
f 558/1175/26 559/1174/26 570/1203/26 569/1204/26
f 559/1205/73 560/1206/73 571/1207/73 570/1208/73
f 564/1209/31 1026/1210/31 1028/1211/31 567/1212/31
f 554/1172/26 1031/1213/26 1030/1214/26 568/1169/26
f 557/1215/73 562/1216/73 573/1217/73 575/1218/73
f 551/1171/26 557/1170/26 575/1219/26 574/1220/26
f 568/1221/73 1030/1222/73 1029/1223/73 565/1224/73
f 579/1225/114 577/1226/114 576/1227/114 578/1228/114
f 583/1229/115 582/1230/115 580/1231/115 581/1232/115
f 577/1233/116 579/1234/116 583/1235/116 581/1236/116
f 578/1237/117 576/1238/117 580/1239/117 582/1240/117
f 579/1241/118 578/1242/118 582/1243/118 583/1244/118
f 587/1245/114 585/1246/114 584/1247/114 586/1248/114
f 591/1249/115 590/1250/115 588/1251/115 589/1252/115
f 585/1253/119 587/1254/119 591/1255/119 589/1256/119
f 586/1257/120 584/1258/120 588/1259/120 590/1260/120
f 587/1261/121 586/1262/121 590/1263/121 591/1264/121
f 595/1265/122 593/1266/122 592/1267/122 594/1268/122
f 599/1269/123 598/1270/123 596/1271/123 597/1272/123
f 593/1273/124 595/1274/124 599/1275/124 597/1276/124
f 594/1277/125 592/1278/125 596/1279/125 598/1280/125
f 592/1281/126 593/1282/126 597/1283/126 596/1284/126
f 603/1285/122 601/1286/122 600/1287/122 602/1288/122
f 607/1289/123 606/1290/123 604/1291/123 605/1292/123
f 601/1293/127 603/1294/127 607/1295/127 605/1296/127
f 602/1297/128 600/1298/128 604/1299/128 606/1300/128
f 600/1301/129 601/1302/129 605/1303/129 604/1304/129
f 613/1305/36 609/1306/36 608/1307/36 612/1308/36
f 608/1309/31 610/1310/31 614/1311/31 612/1312/31
f 613/1313/73 615/1314/73 611/1315/73 609/1316/73
f 619/1317/122 617/1318/122 616/1319/122 618/1320/122
f 623/1321/123 622/1322/123 620/1323/123 621/1324/123
f 617/1325/130 619/1326/130 623/1327/130 621/1328/130
f 618/1329/131 616/1330/131 620/1331/131 622/1332/131
f 619/1333/132 618/1334/132 622/1335/132 623/1336/132
f 627/1337/122 625/1338/122 624/1339/122 626/1340/122
f 631/1341/123 630/1342/123 628/1343/123 629/1344/123
f 625/1345/133 627/1346/133 631/1347/133 629/1348/133
f 626/1349/134 624/1350/134 628/1351/134 630/1352/134
f 627/1353/135 626/1354/135 630/1355/135 631/1356/135
f 637/1357/26 633/1358/26 632/1359/26 636/1360/26
f 632/1361/31 634/1362/31 638/1363/31 636/1364/31
f 637/1365/73 639/1366/73 635/1367/73 633/1368/73
f 379/1369/136 377/1370/136 642/816/136 640/815/136
f 376/1371/26 643/807/26 642/810/26 377/1372/26
f 374/1373/36 641/799/36 640/802/36 375/1374/36
f 403/1375/137 401/1376/137 646/860/137 644/859/137
f 400/1377/36 647/851/36 646/854/36 401/1378/36
f 398/1379/26 645/847/26 644/850/26 399/1380/26
f 395/1381/137 393/1382/137 650/844/137 648/843/137
f 392/1383/36 651/835/36 650/838/36 393/1384/36
f 390/1385/26 649/831/26 648/834/26 391/1386/26
f 387/1387/136 385/1388/136 654/828/136 652/827/136
f 384/1389/26 655/819/26 654/822/26 385/1390/26
f 382/1391/36 653/803/36 652/806/36 383/1392/36
f 328/1393/36 331/1394/36 659/708/36 656/707/36
f 330/1395/26 329/1396/26 658/704/26 657/703/26
f 680/1397/138 330/1398/138 657/700/138 684/699/138
f 682/1399/139 328/1400/139 656/696/139 686/695/139
f 336/1401/26 339/1402/26 663/732/26 660/731/26
f 338/1403/36 337/1404/36 662/728/36 661/727/36
f 692/1405/140 338/1406/140 661/724/140 696/723/140
f 694/1407/141 336/1408/141 660/712/141 698/711/141
f 223/1409/142 664/1410/142 667/1411/142 222/1412/142
f 664/1410/143 665/484/143 666/487/143 667/1411/143
f 219/1413/144 222/1414/144 667/1415/144 669/1416/144
f 669/1416/145 667/1415/145 666/447/145 668/446/145
f 231/1417/146 671/1418/146 672/463/146 232/462/146
f 671/1418/147 670/472/147 673/475/147 672/463/147
f 218/1419/148 674/1420/148 673/475/148 220/474/148
f 674/1420/149 675/460/149 672/463/149 673/475/149
f 329/1421/139 683/1422/139 687/1423/139 658/1424/139
f 683/1422/139 682/1399/139 686/695/139 687/1423/139
f 331/1425/138 681/1426/138 685/1427/138 659/1428/138
f 681/1426/138 680/1397/138 684/699/138 685/1427/138
f 326/1429/150 327/1430/150 676/1431/150 679/1432/150
f 679/1432/151 676/1431/151 677/720/151 678/719/151
f 659/1428/152 685/1427/152 678/1433/152 325/1434/152
f 685/1427/153 684/699/153 679/702/153 678/1433/153
f 658/1424/154 687/1423/154 676/1435/154 327/1436/154
f 687/1423/155 686/695/155 677/698/155 676/1435/155
f 337/1437/141 695/1438/141 699/1439/141 662/1440/141
f 695/1438/141 694/1407/141 698/711/141 699/1439/141
f 339/1441/140 693/1442/140 697/1443/140 663/1444/140
f 693/1442/140 692/1405/140 696/723/140 697/1443/140
f 663/1444/156 697/1443/156 690/1445/156 333/1446/156
f 697/1443/157 696/723/157 691/726/157 690/1445/157
f 334/1447/158 335/1448/158 688/1449/158 691/1450/158
f 691/1450/159 688/1449/159 689/716/159 690/715/159
f 662/1440/160 699/1439/160 688/1451/160 335/1452/160
f 699/1439/161 698/711/161 689/714/161 688/1451/161
f 717/1453/81 718/1454/81 706/1455/81 702/1456/81
f 716/1457/82 717/1458/82 702/1459/82 700/1460/82
f 718/1461/83 719/1462/83 704/1463/83 706/1464/83
f 719/1465/84 716/1466/84 700/1467/84 704/1468/84
f 345/1469/162 341/1470/162 708/748/162 711/747/162
f 347/1471/163 345/1472/163 711/744/163 710/743/163
f 341/1473/164 343/1474/164 709/740/164 708/739/164
f 343/1475/165 347/1476/165 710/736/165 709/735/165
f 369/1477/166 365/1478/166 712/796/166 715/795/166
f 371/1479/167 369/1480/167 715/1481/167 714/1482/167
f 365/1483/168 367/1484/168 713/1485/168 712/1486/168
f 367/1487/169 371/1488/169 714/784/169 713/783/169
f 705/1489/162 701/1490/162 716/1466/162 719/1465/162
f 707/1491/163 705/1492/163 719/1462/163 718/1461/163
f 701/1493/164 703/1494/164 717/1458/164 716/1457/164
f 703/1495/165 707/1496/165 718/1454/165 717/1453/165
f 360/1497/169 356/1498/169 721/780/169 722/779/169
f 362/1499/168 360/1500/168 722/1501/168 723/1502/168
f 356/1503/167 358/1504/167 720/1505/167 721/1506/167
f 358/1507/166 362/1508/166 723/768/166 720/767/166
f 724/1509/31 726/1510/31 729/1511/31 728/1512/31 730/1513/31 731/1514/31 727/1515/31 725/1516/31 733/1517/31 735/1518/31 732/1519/31 734/1520/31
f 736/1521/73 746/1522/73 744/1523/73 747/1524/73 745/1525/73 737/1526/73 739/1527/73 743/1528/73 742/1529/73 740/1530/73 741/1531/73 738/1532/73
f 724/1533/36 734/1534/36 746/1535/36 736/1536/36
f 726/1537/32 724/1538/32 736/1539/32 738/1540/32
f 727/1541/26 731/1542/26 743/1543/26 739/1544/26
f 730/1545/26 728/1546/26 740/1547/26 742/1548/26
f 751/1549/36 750/1550/36 747/1551/36 744/1552/36
f 733/1553/36 725/1554/36 737/1555/36 745/1556/36
f 734/1557/30 732/1558/30 753/1559/30 752/1560/30 751/1561/30 744/1562/30 746/1563/30
f 728/1564/170 729/1565/170 741/1566/170 740/1567/170
f 725/1568/30 727/1569/30 739/1570/30 737/1571/30
f 735/1572/32 733/1573/32 745/1574/32 747/1575/32 750/1576/32 749/1577/32 748/1578/32
f 731/1579/30 730/1580/30 742/1581/30 743/1582/30
f 729/1583/26 726/1584/26 738/1585/26 741/1586/26
f 735/1587/30 748/1588/30 765/1589/30 763/1590/30
f 749/1591/73 752/1592/73 760/1593/73 759/1594/73
f 757/1595/36 754/1596/36 755/1597/36 756/1598/36
f 750/1599/73 751/1600/73 756/1601/73 755/1602/73
f 761/1603/36 758/1604/36 759/1605/36 760/1606/36
f 752/1607/32 753/1608/32 761/1609/32 760/1610/32
f 748/1611/30 749/1612/30 759/1613/30 758/1614/30
f 762/1615/36 763/1616/36 765/1617/36 764/1618/36
f 753/1619/32 732/1620/32 762/1621/32 764/1622/32
f 732/1519/31 735/1518/31 763/1623/31 762/1624/31
f 748/1625/73 753/1626/73 764/1627/73 765/1628/73
f 767/1629/32 769/1630/32 768/1631/32 766/1632/32
f 769/1633/26 773/1634/26 772/1635/26 768/1636/26
f 773/1637/30 771/1638/30 770/1639/30 772/1640/30
f 771/1641/36 767/1642/36 766/1643/36 770/1644/36
f 787/1645/36 783/1646/36 782/1647/36 786/1648/36
f 789/1649/31 787/1650/31 786/1651/31 788/1652/31
f 775/1653/32 777/1654/32 776/1655/32 774/1656/32
f 777/1657/26 781/1658/26 780/1659/26 776/1660/26
f 781/1661/30 779/1662/30 778/1663/30 780/1664/30
f 779/1665/36 775/1666/36 774/1667/36 778/1668/36
f 785/1669/26 789/1670/26 788/1671/26 784/1672/26
f 783/1673/73 785/1674/73 784/1675/73 782/1676/73
f 783/1677/30 787/1678/30 789/1679/30 785/1680/30
f 784/1681/32 788/1682/32 786/1683/32 782/1684/32
f 795/1685/30 791/1686/30 790/1687/30 794/1688/30
f 797/1689/31 795/1690/31 794/1691/31 796/1692/31
f 793/1693/32 797/1694/32 796/1695/32 792/1696/32
f 791/1697/73 793/1698/73 792/1699/73 790/1700/73
f 799/1701/32 801/1702/32 800/1703/32 798/1704/32
f 801/1705/171 805/1706/171 804/1707/171 800/1708/171
f 805/1709/30 803/1710/30 802/1711/30 804/1712/30
f 803/1713/172 799/1714/172 798/1715/172 802/1716/172
f 807/1717/32 809/1718/32 808/1719/32 806/1720/32
f 809/1721/171 813/1722/171 812/1723/171 808/1724/171
f 813/1725/30 811/1726/30 810/1727/30 812/1728/30
f 811/1729/172 807/1730/172 806/1731/172 810/1732/172
f 815/1733/30 817/1734/30 816/1735/30 814/1736/30
f 817/1737/173 821/1738/173 820/1739/173 816/1740/173
f 821/1741/32 819/1742/32 818/1743/32 820/1744/32
f 819/1745/174 815/1746/174 814/1747/174 818/1748/174
f 823/1749/30 825/1750/30 824/1751/30 822/1752/30
f 825/1753/173 829/1754/173 828/1755/173 824/1756/173
f 829/1757/32 827/1758/32 826/1759/32 828/1760/32
f 827/1761/174 823/1762/174 822/1763/174 826/1764/174
f 831/1765/36 833/1766/36 832/1767/36 830/1768/36
f 833/1769/175 837/1770/175 836/1771/175 832/1772/175
f 837/1773/26 835/1774/26 834/1775/26 836/1776/26
f 835/1777/176 831/1778/176 830/1779/176 834/1780/176
f 839/1781/26 841/1782/26 840/1783/26 838/1784/26
f 841/1785/177 845/1786/177 844/1787/177 840/1788/177
f 845/1789/36 843/1790/36 842/1791/36 844/1792/36
f 843/1793/178 839/1794/178 838/1795/178 842/1796/178
f 847/1797/30 849/1798/30 848/1799/30 846/1800/30
f 849/1801/36 853/1802/36 852/1803/36 848/1804/36
f 853/1805/32 851/1806/32 850/1807/32 852/1808/32
f 851/1809/26 847/1810/26 846/1811/26 850/1812/26
f 867/1813/26 863/1814/26 862/1815/26 866/1816/26
f 869/1817/31 867/1818/31 866/1819/31 868/1820/31
f 855/1821/30 857/1822/30 856/1823/30 854/1824/30
f 857/1825/36 861/1826/36 860/1827/36 856/1828/36
f 861/1829/32 859/1830/32 858/1831/32 860/1832/32
f 859/1833/26 855/1834/26 854/1835/26 858/1836/26
f 865/1837/36 869/1838/36 868/1839/36 864/1840/36
f 863/1841/73 865/1842/73 864/1843/73 862/1844/73
f 863/1845/32 867/1846/32 869/1847/32 865/1848/32
f 864/1849/30 868/1850/30 866/1851/30 862/1852/30
f 875/1853/30 871/1854/30 870/1855/30 874/1856/30
f 877/1857/31 875/1858/31 874/1859/31 876/1860/31
f 873/1861/32 877/1862/32 876/1863/32 872/1864/32
f 871/1865/73 873/1866/73 872/1867/73 870/1868/73
f 879/1869/32 881/1870/32 880/1871/32 878/1872/32
f 881/1873/171 885/1874/171 884/1875/171 880/1876/171
f 885/1877/30 883/1878/30 882/1879/30 884/1880/30
f 883/1881/172 879/1882/172 878/1883/172 882/1884/172
f 887/1885/32 889/1886/32 888/1887/32 886/1888/32
f 889/1889/171 893/1890/171 892/1891/171 888/1892/171
f 893/1893/30 891/1894/30 890/1895/30 892/1896/30
f 891/1897/172 887/1898/172 886/1899/172 890/1900/172
f 895/1901/30 897/1902/30 896/1903/30 894/1904/30
f 897/1905/173 901/1906/173 900/1907/173 896/1908/173
f 901/1909/32 899/1910/32 898/1911/32 900/1912/32
f 899/1913/174 895/1914/174 894/1915/174 898/1916/174
f 903/1917/30 905/1918/30 904/1919/30 902/1920/30
f 905/1921/173 909/1922/173 908/1923/173 904/1924/173
f 909/1925/32 907/1926/32 906/1927/32 908/1928/32
f 907/1929/174 903/1930/174 902/1931/174 906/1932/174
f 911/1933/26 913/1934/26 912/1935/26 910/1936/26
f 913/1937/177 917/1938/177 916/1939/177 912/1940/177
f 917/1941/36 915/1942/36 914/1943/36 916/1944/36
f 915/1945/178 911/1946/178 910/1947/178 914/1948/178
f 919/1949/36 921/1950/36 920/1951/36 918/1952/36
f 921/1953/175 925/1954/175 924/1955/175 920/1956/175
f 925/1957/26 923/1958/26 922/1959/26 924/1960/26
f 923/1961/176 919/1962/176 918/1963/176 922/1964/176
f 490/1965/26 492/1966/26 928/1967/26 926/1968/26
f 493/1969/36 491/1970/36 927/1971/36 929/1972/36
f 491/1973/30 490/1974/30 926/1975/30 927/1976/30
f 492/1977/32 493/1978/32 929/1979/32 928/1980/32
f 473/1981/30 472/1982/30 932/1983/30 933/1984/30
f 472/1985/36 412/1986/36 930/1987/36 932/1988/36
f 412/1989/32 429/1990/32 931/1991/32 930/1992/32
f 429/1993/26 473/1994/26 933/1995/26 931/1996/26
f 480/1017/26 931/1996/26 933/1995/26 481/1018/26
f 481/1021/179 933/1984/179 932/1983/179 476/1022/179
f 478/1025/180 930/1992/180 931/1991/180 480/1026/180
f 947/1997/166 945/1998/166 949/1999/166 952/2000/166
f 948/2001/167 947/2002/167 952/2003/167 951/2004/167
f 945/2005/168 946/2006/168 950/2007/168 949/2008/168
f 946/2009/169 948/2010/169 951/2011/169 950/2012/169
f 943/2013/181 941/2014/181 954/2015/181 955/2016/181
f 944/2017/182 943/2018/182 955/2019/182 956/2020/182
f 941/2021/183 942/2022/183 953/2023/183 954/2024/183
f 942/2025/184 944/2026/184 956/2027/184 953/2028/184
f 951/2029/185 952/2030/185 960/2031/185 962/2032/185
f 950/2012/186 951/2011/186 962/2033/186 964/2034/186
f 952/2000/187 949/1999/187 958/2035/187 960/2036/187
f 949/2037/188 950/2038/188 964/2039/188 958/2040/188
f 961/2041/165 957/2042/165 966/2043/165 967/2044/165
f 963/2045/164 961/2046/164 967/2047/164 968/2048/164
f 957/2049/163 959/2050/163 965/2051/163 966/2052/163
f 959/2053/162 963/2054/162 968/2055/162 965/2056/162
f 967/2044/189 966/2043/189 970/2057/189 971/2058/189
f 968/2059/190 967/2060/190 971/2061/190 972/2062/190
f 966/2063/191 965/2064/191 969/2065/191 970/2066/191
f 965/2056/192 968/2055/192 972/2067/192 969/2068/192
f 461/991/193 408/2069/193 459/2070/193 460/992/193
f 955/2016/194 954/2015/194 974/2071/194 975/2072/194
f 956/2073/195 955/2074/195 975/2075/195 976/2076/195
f 954/2077/196 953/2078/196 973/2079/196 974/2080/196
f 953/2028/197 956/2027/197 976/2081/197 973/2082/197
f 979/2083/36 977/2084/36 983/2085/36 990/2086/36
f 991/2087/36 982/2088/36 981/2089/36 992/2090/36
f 980/2091/30 979/2092/30 990/2093/30 987/2094/30
f 988/2095/30 991/2096/30 992/2097/30 989/2098/30
f 977/2099/32 978/2100/32 984/2101/32 983/2102/32
f 982/2103/32 985/2104/32 986/2105/32 981/2106/32
f 995/2107/36 993/2108/36 999/2109/36 1006/2110/36
f 1007/2111/36 998/2112/36 997/2113/36 1008/2114/36
f 996/2115/30 995/2116/30 1006/2117/30 1003/2118/30
f 1004/2119/30 1007/2120/30 1008/2121/30 1005/2122/30
f 993/2123/32 994/2124/32 1000/2125/32 999/2126/32
f 998/2127/32 1001/2128/32 1002/2129/32 997/2130/32
f 1011/2131/26 1009/2132/26 1015/2133/26 1022/2134/26
f 1023/2135/26 1014/2136/26 1013/2137/26 1024/2138/26
f 1012/2139/32 1011/2140/32 1022/2141/32 1019/2142/32
f 1020/2143/32 1023/2144/32 1024/2145/32 1021/2146/32
f 1009/2147/30 1010/2148/30 1016/2149/30 1015/2150/30
f 1014/2151/30 1017/2152/30 1018/2153/30 1013/2154/30
f 567/1176/26 1028/2155/26 1027/2156/26 566/1173/26
f 542/1120/36 519/2157/36 523/2158/36 541/1117/36
f 510/1064/36 1035/2159/36 1034/2160/36 509/1061/36
f 940/2161/198 939/2162/198 937/2163/198 938/2164/198
f 939/2165/199 219/2166/199 230/2167/199 937/2168/199
f 58/121/36 1039/120/36 1040/2169/36 56/2170/36
f 56/2170/36 1040/2169/36 1043/2171/36 54/2172/36
f 57/2173/36 1041/2174/36 1042/2175/36 59/2176/36
f 59/2176/36 1042/2175/36 64/2177/36 65/2178/36
f 54/2172/36 1043/2171/36 1045/2179/36 55/2180/36
f 53/2181/36 1044/2182/36 1041/2174/36 57/2173/36
f 1044/2182/36 1045/2179/36 1043/2171/36 62/2183/36 63/2184/36
f 55/2180/36 1045/2179/36 1044/2182/36 53/2181/36
l 932 934
l 930 935
